date,open,high,low,close,volume,adjOpen,adjHigh,adjLow,adjClose,adjVolume,divCash,splitFactor
2023-01-04,54.13,60.71,53.5,60.49,33338528,53.8397557837,60.3844739262,53.2131338339,60.1656535628,33338528,0.0,1.0
2023-01-05,60.64,62.98,58.14,59.0,8850591,60.3148492651,62.6423022216,57.8282542262,58.6836429196,8850591,0.0,1.0
2023-01-06,59.68,59.94,57.87,58.95,5902804,59.3599967702,59.6186026542,57.559701962,58.6339110188,5902804,0.0,1.0
2023-01-09,58.79,59.98,57.73,58.1,5288931,58.4747689363,59.6583881749,57.4204526398,57.7884687056,5288931,0.0,1.0
2023-01-10,59.15,60.06,58.055,60.0,6662990,58.8328386219,59.7379592161,57.7437099949,59.6782809352,6662990,0.0,1.0
2023-01-11,60.44,66.38,60.075,64.99,9219390,60.115921662,66.0240714746,59.7528787863,64.6415246329,9219390,0.0,1.0
2023-01-12,66.09,66.52,63.66,65.65,5819815,65.7356264501,66.1633207968,63.3186560722,65.2979857232,5819815,0.0,1.0
2023-01-13,65.0,65.5,63.74,65.44,3772080,64.6514710131,65.1487900209,63.3982271135,65.08911174,3772080,0.0,1.0
2023-01-17,63.94,65.73,63.26,63.33,3774703,63.5971547166,65.3775567645,62.920800866,62.9904255271,3774703,0.0,1.0
2023-01-18,63.2,63.5,61.99,62.08,2610293,62.861122585,63.1595139897,61.6576105862,61.7471280076,2610293,0.0,1.0
2023-01-19,61.33,64.5,61.3,63.94,2585604,61.0011494959,64.1541520053,60.9713103554,63.5971547166,2585604,0.0,1.0
2023-01-20,63.96,67.82,63.54,66.77,4001585,63.6170474769,67.4563502171,63.1992995103,66.4119803007,4001585,0.0,1.0
2023-01-23,67.35,69.91,66.7784,69.52,3724076,66.9888703497,69.5351436696,66.42033526,69.1472348435,3724076,0.0,1.0
2023-01-24,69.03,70.63,68.71,69.6,2590993,68.6598622159,70.2512830408,68.3415780509,69.2268058848,2590993,0.0,1.0
2023-01-25,68.46,69.7,66.95,68.71,2802081,68.092918547,69.3262696864,66.5910151435,68.3415780509,2802081,0.0,1.0
2023-01-26,68.51,69.45,67.8,69.22,2075885,68.1426504478,69.0776101825,67.4364574567,68.8488434389,2075885,0.0,1.0
2023-01-27,68.86,70.51,68.36,70.08,2810636,68.4907737533,70.131926479,67.9934547455,69.7042321323,2810636,0.0,1.0
2023-01-30,68.41,73.95,67.92,71.5,4259947,68.0431866462,73.5534812526,67.5558140186,71.1166181144,4259947,0.0,1.0
2023-01-31,71.01,71.115,68.5,69.52,3084275,70.6292454868,70.7336824784,68.1327040677,69.1472348435,3084275,0.0,1.0
2023-02-01,69.0,70.74,67.53,70.01,2698934,68.6300230754,70.3606932226,67.1679051925,69.6346074712,2698934,0.0,1.0
2023-02-02,69.59,71.89,69.0,70.65,2775957,69.2168595046,71.5045269405,68.6300230754,70.2711758012,2775957,0.0,1.0
2023-02-03,69.63,70.63,69.1,70.55,3075109,69.2566450253,70.2512830408,68.729486877,70.1717119996,3075109,0.0,1.0
2023-02-06,69.91,72.35,69.54,71.86,2227368,69.5351436696,71.9620604277,69.1671276039,71.4746878,2227368,0.0,1.0
2023-02-07,71.58,72.2,71.1,71.63,1932266,71.1961891557,71.8128647253,70.7187629082,71.2459210564,1932266,0.0,1.0
2023-02-08,71.21,71.42,70.02,70.17,1111919,70.8281730899,71.0370470732,69.6445538513,69.7937495537,1111919,0.0,1.0
2023-02-09,70.25,70.98,68.21,68.41,1186247,69.8733205949,70.5994063463,67.8442590431,68.0431866462,1186247,0.0,1.0
2023-02-10,68.2,69.54,68.19,69.24,1968068,67.834312663,69.1671276039,67.8243662828,68.8687361992,1968068,0.0,1.0
2023-02-13,68.52,69.87,67.91,69.43,2223241,68.152596828,69.495358149,67.5458676385,69.0577174221,2223241,0.0,1.0
2023-02-14,68.95,73.17,68.714,72.61,3036143,68.5802911747,72.7776636004,68.345556603,72.2206663117,3036143,0.0,1.0
2023-02-15,72.7,73.54,71.72,72.32,1773152,72.3101837331,73.1456796662,71.3354384778,71.9322212872,1773152,0.0,1.0
2023-02-16,71.6,71.82,70.34,70.91,1829424,71.216081916,71.4349022794,69.9628380163,70.5297816852,1829424,0.0,1.0
2023-02-17,70.97,73.48,70.89,73.17,2408606,70.5894599661,73.0860013853,70.5098889249,72.7776636004,2408606,0.0,1.0
2023-02-21,72.62,73.1,72.25,72.47,1835470,72.2306126919,72.7080389393,71.8625966261,72.0814169895,1835470,0.0,1.0
2023-02-22,72.27,73.0,70.8433,71.94,2010150,71.8824893864,72.6085751378,70.4634393296,71.5542588413,2010150,0.0,1.0
2023-02-23,72.44,76.2097,72.2833,75.9,3763223,72.0515778491,75.8010647764,71.895718072,75.493025383,3763223,0.0,1.0
2023-02-24,74.84,75.77,74.22,75.01,2102864,74.4387090865,75.363722441,73.8220335168,74.6077975491,2102864,0.0,1.0
2023-02-27,75.0,76.98,74.57,76.04,2139676,74.597851169,76.5672344398,74.1701568223,75.6322747052,2139676,0.0,1.0
2023-02-28,76.04,76.34,75.3,76.0,3511846,75.6322747052,75.9306661098,74.8962425736,75.5924891845,3511846,0.0,1.0
2023-03-01,75.37,75.74,75.01,75.3,2534320,74.9658672347,75.3338833005,74.6077975491,74.8962425736,2534320,0.0,1.0
2023-03-02,74.79,75.47,74.5,75.04,1392001,74.3889771857,75.0653310363,74.1005321612,74.6376366896,1392001,0.0,1.0
2023-03-03,75.53,76.9,75.12,76.37,2082709,75.1250093172,76.4876633986,74.7172077308,75.9605052503,2082709,0.0,1.0
2023-03-06,75.91,77.16,75.7001,76.68,1874143,75.5029717631,76.7462692826,75.2941972437,76.2688430351,1874143,0.0,1.0
2023-03-07,76.36,76.835,75.93,76.25,1709375,75.9505588702,76.4230119276,75.5228645235,75.8411486884,1709375,0.0,1.0
2023-03-08,76.25,77.4,76.1024,76.63,1641260,75.8411486884,76.9849824064,75.6943401173,76.2191111344,1641260,0.0,1.0
2023-03-09,77.0,77.4,75.9,76.38,1684120,76.5871272001,76.9849824064,75.493025383,75.9704516305,1684120,0.0,1.0
2023-03-10,75.88,76.53,74.5,74.97,3388615,75.4731326227,76.1196473328,74.1005321612,74.5680120285,3388615,0.0,1.0
2023-03-13,74.95,77.48,74.04,76.24,2272243,74.5481192682,77.0645534476,73.642998674,75.8312023083,2272243,0.0,1.0
2023-03-14,76.69,78.76,76.35,77.14,1992257,76.2787894153,78.3376901076,75.94061249,76.7263765223,1992257,0.0,1.0
2023-03-15,75.93,76.81,75.59,76.76,2326244,75.5228645235,76.3981459772,75.1846875982,76.3484140764,2326244,0.0,1.0
2023-03-16,75.96,77.45,75.75,76.62,1629815,75.5527036639,77.0347143071,75.3438296806,76.2091647542,1629815,0.0,1.0
2023-03-17,76.86,77.54,75.43,75.84,5803263,76.447877878,77.1242317285,75.0255455157,75.4333471021,5803263,0.0,1.0
2023-03-20,75.49,75.81,74.51,75.2,1714192,75.0852237966,75.4035079616,74.1104785413,74.7967787721,1714192,0.0,1.0
2023-03-21,75.65,76.68,75.5,76.52,1401647,75.2443658791,76.2688430351,75.0951701768,76.1097009527,1401647,0.0,1.0
2023-03-22,76.86,77.05,74.71,74.77,1549809,76.447877878,76.6368591009,74.3094061444,74.3690844254,1549809,0.0,1.0
2023-03-23,75.41,76.71,74.87,75.71,1393902,75.0056527554,76.2986821756,74.4685482269,75.30404416,1393902,0.0,1.0
2023-03-24,75.26,76.49,74.89,76.46,1154874,74.856457053,76.0798618122,74.4884409872,76.0500226717,1154874,0.0,1.0
2023-03-27,76.82,77.46,76.265,76.38,1196641,76.4080923573,77.0446606873,75.8560682587,75.9704516305,1196641,0.0,1.0
2023-03-28,76.38,76.94,76.15,76.9,760966,75.9704516305,76.5274489192,75.7416848869,76.4876633986,760966,0.0,1.0
2023-03-29,77.36,79.47,77.06,79.24,1786006,76.9451968857,79.0438830986,76.6468054811,78.815116355,1786006,0.0,1.0
2023-03-30,79.78,82.2893,79.5,82.14,2188987,79.3522208835,81.848066056,79.0737222391,81.6995666002,2188987,0.0,1.0
2023-03-31,82.25,82.59,81.58,82.03,1916325,81.808976782,82.1471537073,81.1425693115,81.5901564185,1916325,0.0,1.0
2023-04-03,82.0,82.62,81.47,81.81,1913226,81.5603172781,82.1769928477,81.0331591298,81.3713360551,1913226,0.0,1.0
2023-04-04,82.0,82.16,81.47,81.59,1552706,81.5603172781,81.7194593606,81.0331591298,81.1525156917,1552706,0.0,1.0
2023-04-05,81.5,81.8,80.65,81.12,1410626,81.0629982703,81.3613896749,80.217555957,80.6850358243,1410626,0.0,1.0
2023-04-06,80.97,81.06,80.09,80.16,1356746,80.535840122,80.6253575434,79.6605586683,79.7301833294,1356746,0.0,1.0
2023-04-10,79.93,80.63,79.7,80.59,1579274,79.5014165858,80.1976631967,79.2726498422,80.1578776761,1579274,0.0,1.0
2023-04-11,80.59,80.685,79.96,80.59,1167092,80.1578776761,80.2523682876,79.5312557263,80.1578776761,1167092,0.0,1.0
2023-04-12,81.005,81.9,80.607,81.75,1232087,80.5706524526,81.4608534765,80.1747865224,81.3116577742,1232087,0.0,1.0
2023-04-13,81.65,83.1722,81.38,82.94,1252758,81.2121939726,82.7262319599,80.9436417084,82.4952770127,1252758,0.0,1.0
2023-04-14,82.45,83.28,81.98,82.37,1163806,82.0079043851,82.833453938,81.5404245178,81.9283333438,1163806,0.0,1.0
2023-04-17,82.17,83.24,82.0,82.72,823819,81.7294057407,82.7936684174,81.5603172781,82.2764566493,823819,0.0,1.0
2023-04-18,82.79,84.16,82.79,83.66,1522137,82.3460813104,83.7087353917,82.3460813104,83.2114163839,1522137,0.0,1.0
2023-04-19,83.79,86.88,83.75,85.75,2422919,83.340719326,86.4141507941,83.3009338053,85.2902098365,2422919,0.0,1.0
2023-04-20,85.37,86.32,84.68,85.0,1634914,84.9122473906,85.8571535054,84.2259471598,84.5442313248,1634914,0.0,1.0
2023-04-21,85.2,86.515,85.09,86.48,1850558,84.7431589279,86.0511079184,84.6337487462,86.0162955879,1850558,0.0,1.0
2023-04-24,86.6,87.83,86.18,87.79,2693549,86.1356521498,87.3590569089,85.7179041832,87.3192713883,2693549,0.0,1.0
2023-04-25,83.5,83.5,78.78,80.39,7291417,83.0522743014,83.0522743014,78.3575828679,79.958950073,7291417,0.0,1.0
2023-04-26,79.73,80.27,77.56,80.12,3362577,79.3024889827,79.8395935111,77.1441244889,79.6903978088,3362577,0.0,1.0
2023-04-27,80.82,81.54,80.62,81.52,1557122,80.3866444197,81.1027837909,80.1877168166,81.0828910306,1557122,0.0,1.0
2023-04-28,81.2,81.73,81.01,81.34,1617659,80.7646068656,81.2917650139,80.5756256426,80.9038561878,1617659,0.0,1.0
2023-05-01,81.08,81.7291,80.725,80.78,1355960,80.6452503037,81.2908698396,80.2921538082,80.346858899,1355960,0.0,1.0
2023-05-02,80.34,80.6499,77.89,78.46,1879081,79.9092181722,80.2174564932,77.472355034,78.0392987029,1879081,0.0,1.0
2023-05-03,78.47,80.42,78.02,79.71,1748876,78.049245083,79.9887892134,77.601657976,79.2825962224,1748876,0.0,1.0
2023-05-04,79.62,80.26,77.69,78.26,1751465,79.193078801,79.8296471309,77.2734274309,77.8403710998,1751465,0.0,1.0
2023-05-05,78.5,79.53,78.5,78.99,1077640,78.0790842235,79.1035613796,78.0790842235,78.5664568511,1077640,0.0,1.0
2023-05-08,78.88,79.49,78.61,79.42,842342,78.4570466694,79.0637758589,78.1884944052,78.9941511979,842342,0.0,1.0
2023-05-09,78.55,78.79,76.12,76.37,2499728,78.1288161243,78.367529248,75.7118457464,75.9605052503,2499728,0.0,1.0
2023-05-10,76.5,76.76,74.97,75.9,1792937,76.0898081923,76.3484140764,74.5680120285,75.493025383,1792937,0.0,1.0
2023-05-11,75.71,75.71,74.71,74.99,1505003,75.30404416,75.30404416,74.3094061444,74.5879047888,1505003,0.0,1.0
2023-05-12,74.89,75.01,74.27,74.92,2577774,74.4884409872,74.6077975491,73.8717654176,74.5182801277,2577774,0.0,1.0
2023-05-15,75.1,75.56,74.7,74.93,1188031,74.6973149705,75.1548484577,74.2994597643,74.5282265079,1188031,0.0,1.0
2023-05-16,75.27,78.27,75.22,77.78,2669114,74.8664034332,77.8503174799,74.8166715324,77.3629448523,2669114,0.0,1.0
2023-05-17,77.93,80.61,76.2063,80.3,3716280,77.5121405546,80.1777704364,75.7976830072,79.8694326516,3716280,0.0,1.0
2023-05-18,80.42,81.1299,79.22,79.69,1483473,79.9887892134,80.6948827407,78.7952235947,79.2627034621,1483473,0.0,1.0
2023-05-19,80.09,81.0893,79.12,79.34,1312933,79.6605586683,80.6545004373,78.6957597932,78.9145801566,1312933,0.0,1.0
2023-05-22,79.35,79.4189,78.71,79.08,1357663,78.9544675559,79.0230241131,78.3176577357,78.685813413,1357663,0.03,1.0
2023-05-23,78.96,79.7733,77.06,77.19,1382376,78.5664115717,79.3756575511,76.6758824179,76.8052344126,1382376,0.0,1.0
2023-05-24,76.97,77.14,76.08,76.53,1431903,76.5863310369,76.7554836454,75.7007673807,76.1485242855,1431903,0.0,1.0
2023-05-25,76.53,80.06,75.61,79.86,3127809,76.1485242855,79.6609284503,75.2331101689,79.4619253814,3127809,0.0,1.0
2023-05-26,79.77,80.2,78.37,78.43,2250436,79.3723740005,79.8002305984,77.9793525187,78.0390534393,2250436,0.0,1.0
2023-05-30,78.25,79.05,77.41,77.96,1775758,77.8599506774,78.6559629527,77.0241377883,77.5713962276,1775758,0.0,1.0
2023-05-31,78.54,79.73,77.7429,79.51,4498088,78.1485051272,79.3325733867,77.3553783964,79.113670011,4498088,0.0,1.0
2023-06-01,79.73,80.1,78.89,79.83,2355665,79.3325733867,79.700729064,78.4967604976,79.4320749211,2355665,0.0,1.0
2023-06-02,80.3,80.87,79.9,79.97,2404589,79.8997321328,80.466890879,79.5017259952,79.5713770693,2404589,0.0,1.0
2023-06-05,79.91,80.7236,78.78,80.49,1416724,79.5116761486,80.3212206326,78.3873088098,80.0887850482,1416724,0.0,1.0
2023-06-06,78.0,83.18,77.8,82.93,23800615,77.6111968414,82.7653763239,77.4121937725,82.5166224879,23800615,0.0,1.0
2023-06-07,81.49,82.26,80.19,80.48,3883928,81.0838003923,81.8499622073,79.790280445,80.0788348948,3883928,0.0,1.0
2023-06-08,77.35,78.4,76.75,77.75,15053967,76.9644368677,78.009202979,76.3674276612,77.3624430053,15053967,0.0,1.0
2023-06-09,78.1,78.5,77.06,77.1,4900031,77.7106983758,78.1087045134,76.6758824179,76.7156830317,4900031,0.0,1.0
2023-06-12,77.25,78.31,76.9,78.27,5545427,76.8649353333,77.919651598,76.5166799628,77.8798509843,5545427,0.0,1.0
2023-06-13,78.3,78.449,76.7,77.79,4122275,77.9097014446,78.0579587309,76.317676894,77.4022436191,4122275,0.0,1.0
2023-06-14,78.18,78.8,77.48,78.53,3322567,77.7902996033,78.4072091167,77.0937888624,78.1385549738,3322567,0.0,1.0
2023-06-15,78.66,79.17,78.225,79.1,3277856,78.2679069685,78.775364794,77.8350752938,78.7057137199,3277856,0.0,1.0
2023-06-16,79.5,80.1,78.49,78.65,5390613,79.1037198575,79.700729064,78.09875436,78.257956815,5390613,0.0,1.0
2023-06-20,78.36,79.16,77.75,78.9,3155435,77.9694023653,78.7654146405,77.3624430053,78.5067106511,3155435,0.0,1.0
2023-06-21,78.79,80.0,78.29,79.62,2805685,78.3972589632,79.6012275296,77.8997512912,79.2231216988,2805685,0.0,1.0
2023-06-22,79.94,80.75,79.58,80.21,2229579,79.541526609,80.3474890377,79.1833210851,79.8101807519,2229579,0.0,1.0
2023-06-23,79.86,80.35,79.01,79.82,7973136,79.4619253814,79.9494829001,78.6161623389,79.4221247677,7973136,0.0,1.0
2023-06-26,80.02,80.3,77.74,77.8,2500854,79.6211278365,79.8997321328,77.3524928519,77.4121937725,2500854,0.0,1.0
2023-06-27,77.95,78.35,76.1918,77.07,3250399,77.5614460742,77.9594522118,75.8120100961,76.6858325713,3250399,0.0,1.0
2023-06-28,77.5,77.59,76.34,77.19,2920489,77.1136891693,77.2032405503,75.9594713701,76.8052344126,2920489,0.0,1.0
2023-06-29,77.27,78.7,77.15,78.68,1908393,76.8848356402,78.3077075823,76.7654337989,78.2878072754,1908393,0.0,1.0
2023-06-30,79.42,81.41,79.3137,81.24,3429545,79.02411863,81.0041991648,78.9183484989,80.8350465563,3429545,0.0,1.0
2023-07-03,81.41,81.46,79.9,80.69,1086914,81.0041991648,81.053949932,79.5017259952,80.2877881171,1086914,0.0,1.0
2023-07-05,80.37,81.29,79.935,80.65,2655893,79.9693832069,80.8847973235,79.5365515322,80.2479875033,2655893,0.0,1.0
2023-07-06,80.0,80.27,79.0,79.12,2596154,79.6012275296,79.8698816725,78.6062121855,78.7256140268,2596154,0.0,1.0
2023-07-07,78.98,80.1079,78.3,79.62,2892672,78.5863118786,79.7085896852,77.9097014446,79.2231216988,2892672,0.0,1.0
2023-07-10,80.13,80.78,80.0,80.66,2263244,79.7305795243,80.377339498,79.6012275296,80.2579376567,2263244,0.0,1.0
2023-07-11,80.5,81.445,80.21,81.26,1793345,80.0987352017,81.0390247019,79.8101807519,80.8549468632,1793345,0.0,1.0
2023-07-12,81.29,82.66,81.29,81.69,2124811,80.8847973235,82.247968345,80.8847973235,81.2828034612,2124811,0.0,1.0
2023-07-13,81.73,82.0,80.9,81.4,1476326,81.3226040749,81.5912582178,80.4967413393,80.9942490114,1476326,0.0,1.0
2023-07-14,81.5,82.16,81.23,81.82,1791872,81.0937505458,81.7504606729,80.8250964029,81.4121554559,1791872,0.0,1.0
2023-07-17,81.74,82.36,81.08,81.19,2343189,81.3325542284,81.9494637417,80.6758441013,80.7852957891,2343189,0.0,1.0
2023-07-18,81.1081,82.895,80.75,82.47,2844487,80.7038040324,82.4817969508,80.3474890377,82.0589154296,2844487,0.0,1.0
2023-07-19,82.78,82.94,81.66,81.75,2781716,82.3673701863,82.5265726413,81.2529530008,81.3425043818,2781716,0.0,1.0
2023-07-20,82.25,83.145,81.8,81.85,3114114,81.8700083931,82.76087353,81.4220873745,81.4718563766,3114114,0.03,1.0
2023-07-21,82.08,83.14,82.02,82.63,7717732,81.700793786,82.7558966298,81.6410709836,82.2482528087,7717732,0.0,1.0
2023-07-24,82.48,82.68,80.27,80.63,4338451,82.0989458025,82.2980218108,79.8991559114,80.2574927262,4338451,0.0,1.0
2023-07-25,80.84,82.35,78.58,80.21,4729481,80.4665225349,81.9695463972,78.2169636417,79.8394331089,4729481,0.0,1.0
2023-07-26,80.26,80.3075,77.29,77.43,4148620,79.889202111,79.9364826629,76.9329233884,77.0722765942,4148620,0.0,1.0
2023-07-27,78.0,78.87,76.25,76.86,3224674,77.6396432177,78.5056238536,75.8977281455,76.5049099707,3224674,0.0,1.0
2023-07-28,77.24,78.32,76.89,77.87,2911432,76.8831543864,77.9581648309,76.5347713719,77.5102438124,2911432,0.0,1.0
2023-07-31,77.72,78.03,76.27,78.0,3917525,77.3609368062,77.669504619,75.9176357464,77.6396432177,3917525,0.0,1.0
2023-08-01,77.84,78.035,77.1,77.69,2127639,77.4803824111,77.6744815192,76.7438011806,77.3310754049,2127639,0.0,1.0
2023-08-02,77.32,77.78,76.15,76.59,3073730,76.9627847897,77.4206596087,75.7981901414,76.2361573596,3073730,0.0,1.0
2023-08-03,76.64,76.69,75.68,76.02,2053710,76.2859263616,76.3356953637,75.330361522,75.6687907361,2053710,0.0,1.0
2023-08-04,75.98,76.795,75.6256,75.9,1449828,75.6289755344,76.440210268,75.2762128478,75.5493451311,1449828,0.0,1.0
2023-08-07,76.1,76.29,75.17,75.59,1668284,75.7484211394,75.9375433472,74.822717701,75.2407773183,1668284,0.0,1.0
2023-08-08,75.29,75.47,73.32,73.93,2574865,74.9421633059,75.1213317134,72.9812646247,73.5884464498,2574865,0.0,1.0
2023-08-09,73.8,74.88,73.42,73.92,3028421,73.4590470445,74.534057489,73.0808026288,73.5784926494,3028421,0.0,1.0
2023-08-10,74.25,74.58,72.12,72.3,3681915,73.906968063,74.2354434766,71.7868085752,71.9659769826,3681915,0.0,1.0
2023-08-11,72.14,72.14,70.86,71.59,2898291,71.806716176,71.806716176,70.5326297232,71.2592571533,2898291,0.0,1.0
2023-08-14,71.5,71.87,70.85,71.8,2601108,71.1696729496,71.5379635649,70.5226759228,71.468286962,2601108,0.0,1.0
2023-08-15,71.75,71.75,70.19,70.54,2476253,71.4185179599,71.4185179599,69.8657250955,70.21410811,2476253,0.0,1.0
2023-08-16,71.21,72.2799,70.42,70.67,3697384,70.8810127376,71.9459698438,70.094662505,70.3435075153,3697384,0.0,1.0
2023-08-17,70.7,70.8,68.24,68.39,3791942,70.3733689166,70.4729069207,67.9247340151,68.0740410213,3791942,0.0,1.0
2023-08-18,68.2,68.75,67.895,68.36,2929152,67.8849188135,68.4323778361,67.5813279009,68.0441796201,2929152,0.0,1.0
2023-08-21,69.33,69.5,68.6,68.97,2807833,69.0096982601,69.1789128671,68.28307083,68.6513614452,2807833,0.0,1.0
2023-08-22,69.15,69.4,68.67,68.93,2170081,68.8305298526,69.079374863,68.3527474328,68.6115462436,2170081,0.0,1.0
2023-08-23,68.96,69.5299,68.81,68.99,2079470,68.6414076448,69.2086747303,68.4921006386,68.671269046,2079470,0.0,1.0
2023-08-24,69.64,69.79,68.24,68.43,2623190,69.3182660729,69.467573079,67.9247340151,68.1138562229,2623190,0.0,1.0
2023-08-25,68.41,68.89,67.61,68.59,3096636,68.0939486221,68.5717310419,67.2976445891,68.2731170295,3096636,0.0,1.0
2023-08-28,69.06,69.66,68.76,69.31,2438697,68.7409456489,69.3381736737,68.4423316366,68.9897906592,2438697,0.0,1.0
2023-08-29,69.33,70.5,69.33,70.48,2044326,69.0096982601,70.1742929083,69.0096982601,70.1543853075,2044326,0.0,1.0
2023-08-30,70.5,70.9897,70.23,70.39,1889153,70.1742929083,70.6617305145,69.9055402972,70.0648011038,1889153,0.0,1.0
2023-08-31,70.51,71.13,69.861,70.45,3573281,70.1842467087,70.8013823343,69.538245062,70.1245239063,3573281,0.0,1.0
2023-09-01,70.67,71.02,69.1,69.25,2097289,70.3435075153,70.6918905298,68.7807608506,68.9300678568,2097289,0.0,1.0
2023-09-05,69.13,69.16,67.41,67.66,3773510,68.8106222518,68.8404836531,67.0985685809,67.3474135912,3773510,0.0,1.0
2023-09-06,67.51,68.2,66.06,66.98,3140083,67.198106585,67.8849188135,65.7548055252,66.6705551631,3140083,0.0,1.0
2023-09-07,68.09,68.1699,65.83,65.9,2836852,67.7754270089,67.8549578742,65.5258681157,65.5955447186,2836852,0.0,1.0
2023-09-08,65.92,65.99,64.72,64.9,3103630,65.6154523194,65.6851289223,64.4209962699,64.6001646773,3103630,0.0,1.0
2023-09-11,65.32,67.35,65.2,66.62,3630504,65.0182242946,67.0388457784,64.8987786897,66.3122183483,3630504,0.0,1.0
2023-09-12,66.38,66.62,65.22,65.4,2381778,66.0733271384,66.3122183483,64.9186862905,65.0978546979,2381778,0.0,1.0
2023-09-13,65.12,65.94,64.21,64.53,3612811,64.8191482864,65.6353599202,63.9133524489,64.2318740621,3612811,0.0,1.0
2023-09-14,64.86,66.06,64.57,66.0,3945138,64.5603494757,65.7548055252,64.2716892637,65.6950827227,3945138,0.0,1.0
2023-09-15,66.0,66.5,65.58,66.43,6711139,65.6950827227,66.1927727433,65.2770231054,66.1230961404,6711139,0.0,1.0
2023-09-18,65.87,66.99,65.87,66.28,3205251,65.5656833173,66.6805089635,65.5656833173,65.9737891342,3205251,0.0,1.0
2023-09-19,66.5,66.75,65.35,66.12,3160581,66.1927727433,66.4416177536,65.0480856959,65.8145283276,3160581,0.0,1.0
2023-09-20,66.42,66.8,64.9,65.01,1797947,66.11314234,66.4913867557,64.6001646773,64.7096564819,1797947,0.0,1.0
2023-09-21,64.62,64.8899,63.79,63.89,2174822,64.3214582658,64.5901113389,63.4952928315,63.5948308357,2174822,0.0,1.0
2023-09-22,63.83,64.805,63.7363,64.33,2278162,63.5351080332,64.5056035734,63.4418409233,64.0327980538,2278162,0.0,1.0
2023-09-25,64.0,67.04,64.0,66.48,3214472,63.7043226402,66.7302779656,63.7043226402,66.1728651425,3214472,0.0,1.0
2023-09-26,66.19,67.405,66.12,66.21,3620111,65.8842049305,67.0935916807,65.8145283276,65.9041125314,3620111,0.0,1.0
2023-09-27,66.37,68.4108,66.15,68.28,5469977,66.063373338,68.0947449261,65.8443897289,67.9645492168,5469977,0.0,1.0
2023-09-28,68.74,70.58,68.01,69.78,4817665,68.4224240357,70.2539233116,67.6957966056,69.4576192786,4817665,0.0,1.0
2023-09-29,70.08,70.2,67.93,68.04,3146195,69.756233291,69.875678896,67.6161662023,67.7256580069,3146195,0.0,1.0
2023-10-02,68.0,68.66,67.57,67.84,1942160,67.6858428052,68.3427936324,67.2578293875,67.5265819986,1942160,0.0,1.0
2023-10-03,67.35,67.53,66.4,66.98,2726095,67.0388457784,67.2180141858,66.0932347392,66.6705551631,2726095,0.0,1.0
2023-10-04,67.14,68.07,66.47,67.88,2084505,66.8298159697,67.7555194081,66.1629113421,67.5663972003,2084505,0.0,1.0
2023-10-05,68.34,68.68,66.6273,67.6,1894528,68.0242720192,68.3627012333,66.3194846226,67.2876907887,1894528,0.0,1.0
2023-10-06,67.01,68.99,66.65,68.46,2319780,66.7004165644,68.671269046,66.3420797495,68.1437176242,2319780,0.0,1.0
2023-10-09,67.82,68.08,67.18,67.8,1600254,67.5066743978,67.7654732085,66.8696311714,67.486766797,1600254,0.0,1.0
2023-10-10,68.0,68.63,67.61,68.19,2209178,67.6858428052,68.3129322312,67.2976445891,67.874965013,2209178,0.0,1.0
2023-10-11,68.31,68.31,67.04,67.78,2032922,67.994410618,67.994410618,66.7302779656,67.4668591961,2032922,0.0,1.0
2023-10-12,67.72,67.91,66.17,66.51,2252117,67.4071363937,67.5962586015,65.8642973297,66.2027265437,2252117,0.0,1.0
2023-10-13,66.13,67.64,66.06,67.12,1984299,65.8244821281,67.3275059904,65.7548055252,66.8099083689,1984299,0.0,1.0
2023-10-16,67.63,67.69,66.33,66.88,1951512,67.3175521899,67.3772749924,66.0235581363,66.571017159,1951512,0.0,1.0
2023-10-17,66.37,67.41,66.07,66.8,1596176,66.063373338,67.0985685809,65.7647593256,66.4913867557,1596176,0.0,1.0
2023-10-18,66.3,66.48,65.09,65.23,1917698,65.9936967351,66.1728651425,64.7892868852,64.9286400909,1917698,0.0,1.0
2023-10-19,65.23,66.67,64.84,65.45,1669179,64.9584011177,66.3924053736,64.5700249651,65.1774851012,1669179,0.03,1.0
2023-10-20,65.53,65.53,63.86,64.05,2575100,65.2571520043,65.2571520043,63.5941054021,63.7833142969,2575100,0.0,1.0
2023-10-23,63.95,64.54,63.36,63.99,2412637,63.6837306681,64.2712740784,63.0961872577,63.7235641196,2412637,0.0,1.0
2023-10-24,64.02,65.06,63.96,64.67,2511249,63.7534392083,64.7891089486,63.6936890309,64.400732796,2511249,0.0,1.0
2023-10-25,64.2,64.99,63.98,64.51,3179554,63.9326897403,64.7194004084,63.7136057567,64.2413989898,3179554,0.0,1.0
2023-10-26,64.12,64.74,63.58,63.91,3484875,63.8530228372,64.4704413362,63.3152712412,63.6438972165,3484875,0.0,1.0
2023-10-27,64.2,64.32,62.72,63.1,2606371,63.9326897403,64.0521900949,62.4588520329,62.8372698226,2606371,0.0,1.0
2023-10-30,63.54,63.67,62.35,63.17,4484186,63.2754377897,63.4048965072,62.090392606,62.9069783628,4484186,0.0,1.0
2023-10-31,66.69,67.7,65.77,66.57,7555110,66.4123220993,67.418116751,65.4961527137,66.2928217447,7555110,0.0,1.0
2023-11-01,66.75,68.45,66.0,68.28,4523320,66.4720722767,68.1649939676,65.7251950601,67.9957017985,4523320,0.0,1.0
2023-11-02,69.6,69.76,68.28,69.25,3115883,69.3102056997,69.4695395059,67.9957017985,68.9616629986,3115883,0.0,1.0
2023-11-03,69.94,71.9,69.63,71.57,4022791,69.6487900379,71.6006291639,69.3400807884,71.2720031886,4022791,0.0,1.0
2023-11-06,71.67,71.96,70.76,71.09,2350097,71.3715868175,71.6603793413,70.4653757947,70.79400177,2350097,0.0,1.0
2023-11-07,71.25,71.46,70.68,70.7,1912934,70.9533355762,71.1624611969,70.3857088916,70.4056256174,1912934,0.0,1.0
2023-11-08,71.16,71.16,69.525,69.99,2062128,70.8637103102,70.8637103102,69.2355179781,69.6985818523,2062128,0.0,1.0
2023-11-09,70.13,70.14,68.05,68.31,1981470,69.8379989328,69.8479572957,67.7666594521,68.0255768872,1981470,0.0,1.0
2023-11-10,68.55,69.57,68.39,69.52,2774072,68.2645775965,69.2803306111,68.1052437903,69.2305387966,2774072,0.0,1.0
2023-11-13,69.57,70.55,69.35,70.01,1993389,69.2803306111,70.2562501741,69.0612466275,69.7184985781,1993389,0.0,1.0
2023-11-14,71.0,72.37,70.68,72.21,2634411,70.704376504,72.0686722197,70.3857088916,71.9093384135,2634411,0.0,1.0
2023-11-15,72.0,72.63,71.475,71.52,2780070,71.7002127928,72.3275896547,71.1773987412,71.2222113742,2780070,0.0,1.0
2023-11-16,72.0,72.66,71.5,71.92,2946764,71.7002127928,72.3574647434,71.2022946484,71.6205458897,2946764,0.0,1.0
2023-11-17,72.53,73.379,72.025,73.0,2920110,72.2280060259,73.0734710351,71.7251087,72.6960490816,2920110,0.0,1.0
2023-11-20,73.09,73.49,72.77,73.33,1788340,72.7856743476,73.1840088631,72.4670067352,73.0246750569,1788340,0.0,1.0
2023-11-21,73.5,73.69,72.59,73.38,1469541,73.193967226,73.3831761209,72.2877562032,73.0744668713,1469541,0.0,1.0
2023-11-22,73.75,74.18,73.19,73.6,1123328,73.4429262982,73.8711359024,72.8852579765,73.2935508549,1123328,0.0,1.0
2023-11-24,73.82,73.84,73.3912,73.71,558863,73.5126348384,73.5325515642,73.0856202378,73.4030928466,558863,0.0,1.0
2023-11-27,71.26,71.515,70.55,71.14,4253555,70.9632939391,71.2172321928,70.2562501741,70.8437935845,4253555,0.0,1.0
2023-11-28,70.7,70.7847,68.105,68.13,5167923,70.4056256174,70.489972951,67.821430448,67.8463263552,5167923,0.0,1.0
2023-11-29,68.3,68.8425,67.46,67.71,3763139,68.0156185243,68.555859711,67.1791160417,67.4280751139,3763139,0.0,1.0
2023-11-30,67.71,68.68,66.39,68.46,3324831,67.4280751139,68.394036314,66.1135712127,68.1749523305,3324831,0.0,1.0
2023-12-01,68.35,69.67,68.1575,69.41,1898729,68.0654103387,69.3799142399,67.8737118531,69.1209968048,1898729,0.0,1.0
2023-12-04,68.89,69.765,68.77,69.37,1478766,68.6031619347,69.4745186874,68.48366158,69.0811633533,1478766,0.0,1.0
2023-12-05,68.91,69.05,67.72,67.93,1896265,68.6230786605,68.7624957409,67.4380334768,67.6471590974,1896265,0.0,1.0
2023-12-06,68.39,68.68,67.865,68.05,1578922,68.1052437903,68.394036314,67.5824297387,67.7666594521,1578922,0.0,1.0
2023-12-07,68.1,68.29,67.0,67.39,2089189,67.8164512665,68.0056601614,66.7210313489,67.1094075015,2089189,0.0,1.0
2023-12-08,67.18,68.63,67.05,68.52,1893851,66.9002818808,68.3442444996,66.7708231633,68.2347025078,1893851,0.0,1.0
2023-12-11,69.16,71.31,69.09,71.13,3051314,68.8720377327,71.0130857535,68.8023291924,70.8338352216,3051314,0.0,1.0
2023-12-12,71.3,72.395,71.24,72.05,2407186,71.0031273907,72.0935681269,70.9433772133,71.7500046073,2407186,0.0,1.0
2023-12-13,72.61,74.27,72.52,74.18,2628637,72.307672929,73.9607611684,72.218047663,73.8711359024,2628637,0.0,1.0
2023-12-14,74.34,76.3,74.34,75.92,4271463,74.0304697086,75.9823088346,74.0304697086,75.6038910449,4271463,0.0,1.0
2023-12-15,76.38,76.59,74.485,75.01,5699305,76.0619757377,76.2711013584,74.1748659705,74.6976800221,5699305,0.0,1.0
2023-12-18,75.0,75.515,74.55,75.06,1945801,74.6877216592,75.2005773479,74.2395953292,74.7474718365,1945801,0.0,1.0
2023-12-19,75.14,75.84,75.0,75.69,2412660,74.8271387396,75.5242241418,74.6877216592,75.3748486984,2412660,0.0,1.0
2023-12-20,75.36,76.59,74.88,75.44,2162236,75.0462227231,76.2711013584,74.5682213045,75.1258896262,2162236,0.0,1.0
2023-12-21,76.08,77.61,76.08,77.19,2992230,75.7632248511,77.2868543729,75.7632248511,76.8686031316,2992230,0.0,1.0
2023-12-22,77.3,77.71,76.99,77.58,2197794,76.9781451234,77.3864380018,76.6694358739,77.2569792843,2197794,0.0,1.0
2023-12-26,77.7,78.325,77.58,78.14,1413986,77.3764796389,77.9988773194,77.2569792843,77.814647606,1413986,0.0,1.0
2023-12-27,78.08,78.29,77.38,77.67,1352407,77.7548974287,77.9640230493,77.0578120265,77.3466045502,1352407,0.0,1.0
2023-12-28,77.83,77.965,77.25,77.54,1569562,77.5059383565,77.6403762554,76.928353309,77.2171458327,1569562,0.0,1.0
2023-12-29,77.16,77.64,76.86,77.32,1786960,76.838728043,77.3167294616,76.5399771563,76.9980618492,1786960,0.0,1.0
2024-01-02,76.58,77.41,75.705,76.37,2003147,76.2611429955,77.0876871152,75.3897862428,76.0520173748,2003147,0.0,1.0
2024-01-03,76.24,76.68,75.435,76.11,2692427,75.9225586573,76.3607266243,75.1209104448,75.7930999397,2692427,0.0,1.0
2024-01-04,76.0,76.95,75.85,76.57,2395939,75.683557948,76.6296024223,75.5341825047,76.2511846326,2395939,0.0,1.0
2024-01-05,76.0,77.45,75.59,76.62,2302559,75.683557948,77.1275205667,75.2752650696,76.300976447,2302559,0.0,1.0
2024-01-08,77.0,77.45,76.31,77.36,1880593,76.6793942368,77.1275205667,75.9922671975,77.0378953007,1880593,0.0,1.0
2024-01-09,77.01,77.66,74.4,76.66,3507222,76.6893525996,77.3366461874,74.0902198859,76.3408098986,3507222,0.0,1.0
2024-01-10,76.34,76.61,74.88,76.17,3020604,76.0221422862,76.2910180841,74.5682213045,75.8528501171,3020604,0.0,1.0
2024-01-11,76.2,76.325,74.78,76.25,2305517,75.8827252057,76.0072047418,74.4686376756,75.9325170202,2305517,0.0,1.0
2024-01-12,76.28,76.47,75.4,76.17,1888313,75.9923103412,76.1815937571,75.1156292571,75.8827252057,1888313,0.03,1.0
2024-01-16,75.9,75.9,74.54,74.97,2831576,75.6137435094,75.6137435094,74.258872743,74.687251,2831576,0.0,1.0
2024-01-17,74.24,74.24,72.02,72.75,3766982,73.9600041916,73.9600041916,71.7483769111,72.4756237195,3766982,0.0,1.0
2024-01-18,72.75,73.76,72.42,73.52,2421515,72.4756237195,73.4818145093,72.146868313,73.2427196682,2421515,0.0,1.0
2024-01-19,73.445,74.12,73.2,74.11,3704645,73.1680025303,73.840456771,72.9239265467,73.830494486,3704645,0.0,1.0
2024-01-22,74.28,75.45,74.17,74.64,2414925,73.9998533318,75.1654406823,73.8902681963,74.3584955935,2414925,0.0,1.0
2024-01-23,74.63,74.73,72.685,73.67,2850390,74.3485333084,74.4481561589,72.4108688667,73.3921539439,2850390,0.0,1.0
2024-01-24,73.64,73.7,71.31,71.55,3482533,73.3622670887,73.422040799,71.0410546727,71.2801495138,3482533,0.0,1.0
2024-01-25,72.33,73.1,71.42,72.87,2126518,72.0572077475,72.8243036962,71.1506398082,72.5951711401,2126518,0.0,1.0
2024-01-26,73.0,73.29,72.47,73.15,2334567,72.7246808457,73.0135871121,72.1966797382,72.8741151214,2334567,0.0,1.0
2024-01-29,72.91,74.42,72.5,74.38,2160340,72.6350202803,74.1393253224,72.2265665933,74.0994761822,2160340,0.0,1.0
2024-01-30,73.73,74.52,73.12,74.0,1673926,73.4519276542,74.2389481729,72.8442282663,73.7209093505,1673926,0.0,1.0
2024-01-31,73.93,74.47,72.95,73.36,3129586,73.6511733551,74.1891367477,72.6748694205,73.0833231074,3129586,0.0,1.0
2024-02-01,73.36,75.13,72.99,74.35,2593628,73.0833231074,74.8466475608,72.7147185607,74.0695893271,2593628,0.0,1.0
2024-02-02,74.03,74.36,72.52,73.91,2446671,73.7507962056,74.0795516122,72.2464911634,73.631248785,2446671,0.0,1.0
2024-02-05,73.22,73.57,72.61,73.41,3365666,72.9438511168,73.2925310934,72.3361517289,73.1331345327,3365666,0.0,1.0
2024-02-06,76.75,83.11,76.56,81.96,12511171,76.4605377385,82.7965510286,76.2712543226,81.6508882481,12511171,0.0,1.0
2024-02-07,82.04,82.5081,80.17,81.83,4278075,81.7305865285,82.1969210916,79.8676392247,81.5213785425,4278075,0.0,1.0
2024-02-08,81.53,82.14,80.4364,82.06,2483813,81.2225099911,81.830209379,80.1330344983,81.7505110986,2483813,0.0,1.0
2024-02-09,82.29,82.75,80.6102,81.34,2755210,81.9796436547,82.4379087669,80.3061790125,81.0332265752,2755210,0.0,1.0
2024-02-12,81.62,83.31,81.39,83.17,2304304,81.3121705565,82.9957967295,81.0830380004,82.8563247389,2304304,0.0,1.0
2024-02-13,82.35,82.717,81.16,82.31,2529750,82.039417365,82.4050332262,80.8539054444,81.9995682248,2529750,0.0,1.0
2024-02-14,82.6,83.4399,82.3401,83.17,2214771,82.2884744912,83.1252068123,82.0295547028,82.8563247389,2214771,0.0,1.0
2024-02-15,83.94,85.74,83.925,85.63,2346091,83.6234206875,85.416631996,83.60847726,85.3070468605,2346091,0.0,1.0
2024-02-16,83.51,87.29,83.49,86.02,13131797,83.1950424305,86.9607861784,83.1751178604,85.6955759774,13131797,0.0,1.0
2024-02-20,85.93,86.81,85.58,86.39,6372550,85.6059154119,86.4825964961,85.2572354353,86.0641805241,6372550,0.0,1.0
2024-02-21,83.0,85.21,82.06,84.98,5839786,82.6869658931,84.8886308885,81.7505110986,84.6594983324,5839786,0.0,1.0
2024-02-22,85.45,88.1,85.005,87.64,4154899,85.1277257297,87.7677312672,84.6844040451,87.309466155,4154899,0.0,1.0
2024-02-23,87.4,89.73,87.235,89.07,3815582,87.0703713139,89.3915837299,86.9059936106,88.7340729168,3815582,0.0,1.0
2024-02-26,88.94,90.71,88.79,90.62,3805070,88.6045632112,90.3678876646,88.4551289355,90.2782270992,3805070,0.0,1.0
2024-02-27,90.01,92.58,89.4894,92.52,3993366,89.6705277113,92.2308349684,89.1518911517,92.1710612582,3993366,0.0,1.0
2024-02-28,92.25,93.9592,92.0,93.02,3431939,91.9020795619,93.6048333222,91.6530224357,92.6691755105,3431939,0.0,1.0
2024-02-29,93.31,93.34,88.87,91.28,6143958,92.9580817769,92.987968632,88.5348272159,90.9357379123,6143958,0.0,1.0
2024-03-01,91.05,93.06,90.575,92.72,2696180,90.7066053562,92.7090246507,90.2333968164,92.3703069591,2696180,0.0,1.0
2024-03-04,92.94,93.5,92.425,92.73,2615241,92.5894772301,93.1473651928,92.0764195502,92.3802692442,2615241,0.0,1.0
2024-03-05,92.72,93.5,91.52,91.81,2804872,92.3703069591,93.1473651928,91.1748327534,91.4637390198,2804872,0.0,1.0
2024-03-06,91.56,94.08,91.45,93.1,2521202,91.2146818936,93.7251777255,91.1050967581,92.7488737909,2521202,0.0,1.0
2024-03-07,93.2,93.55,91.99,92.66,3014595,92.8484966414,93.197176618,91.6430601506,92.3105332488,3014595,0.0,1.0
2024-03-08,92.8,94.5,92.49,93.87,2853883,92.4500052395,94.1435936975,92.141174403,93.5159697396,2853883,0.0,1.0
2024-03-11,93.81,94.06,92.13,93.0,2063122,93.4561960293,93.7052531555,91.7825321413,92.6492509404,2063122,0.0,1.0
2024-03-12,92.19,92.5,91.7,91.82,2743783,91.8423058516,92.1511366881,91.3541538843,91.4737013048,2743783,0.0,1.0
2024-03-13,87.56,89.365,86.55,88.48,14416134,87.2297678747,89.0279603257,86.2235770849,88.146298099,14416134,0.0,1.0
2024-03-14,88.1,89.04,87.76,88.33,4209943,87.7677312672,88.7041860617,87.4290135756,87.9968638233,4209943,0.0,1.0
2024-03-15,88.25,89.73,87.93,89.41,7314647,87.9171655429,89.3915837299,87.5983724214,89.0727906084,7314647,0.0,1.0
2024-03-18,89.9,90.96,89.4944,90.61,2843947,89.5609425757,90.6169447908,89.1568722942,90.2682648141,2843947,0.0,1.0
2024-03-19,90.6,91.0,90.36,90.78,2996548,90.2583025291,90.656793931,90.0192076879,90.4376236599,2996548,0.0,1.0
2024-03-20,90.48,91.11,90.15,90.89,2016902,90.1387551085,90.7663790665,89.8099997019,90.5472087954,2016902,0.0,1.0
2024-03-21,91.25,92.18,91.12,91.2,2754875,90.9058510571,91.8323435665,90.7763413515,90.8560396319,2754875,0.0,1.0
2024-03-22,91.46,91.9,89.37,89.73,6178074,91.1150590431,91.5533995852,89.0329414682,89.3915837299,6178074,0.0,1.0
2024-03-25,89.81,90.1,88.25,88.28,2436026,89.4712820103,89.7601882767,87.9171655429,87.9470523981,2436026,0.0,1.0
2024-03-26,88.48,89.3434,87.7,89.07,2845224,88.146298099,89.00644179,87.3692398653,88.7340729168,2845224,0.0,1.0
2024-03-27,89.96,90.69,89.715,90.31,2629114,89.620716286,90.3479630945,89.3766403024,89.9693962627,2629114,0.0,1.0
2024-03-28,90.2,91.15,89.65,90.91,2108576,89.8598111272,90.8062282067,89.3118854496,90.5671333655,2108576,0.0,1.0
2024-04-01,91.31,91.46,89.19,89.53,1915673,90.9656247674,91.1150590431,88.8536203374,89.192338029,1915673,0.0,1.0
2024-04-02,88.85,89.24,87.86,88.11,3005453,88.5149026458,88.9034317626,87.5286364261,87.7776935523,3005453,0.0,1.0
2024-04-03,88.25,90.05,88.11,89.03,4360274,87.9171655429,89.7103768515,87.7776935523,88.6942237766,4360274,0.0,1.0
2024-04-04,90.15,90.84,87.87,87.96,2704489,89.8099997019,90.4973973702,87.5385987111,87.6282592766,2704489,0.0,1.0
2024-04-05,87.96,89.5,87.85,88.47,1574849,87.6282592766,89.1624511739,87.518674141,88.136335814,1574849,0.0,1.0
2024-04-08,88.73,88.845,87.62,87.71,1615695,88.3953552252,88.5099215033,87.289541585,87.3792021504,1615695,0.0,1.0
2024-04-09,88.13,88.24,86.45,86.94,4135883,87.7976181224,87.9072032579,86.1239542344,86.6121062017,4135883,0.0,1.0
2024-04-10,85.38,86.7,85.24,85.39,2926111,85.0579897343,86.3730113606,84.9185177437,85.0679520194,2926111,0.0,1.0
2024-04-11,86.48,88.92,85.61,88.21,3071008,86.1538410896,88.5846386411,85.2871222904,87.8773164027,3071008,0.0,1.0
2024-04-12,87.07,87.53,86.055,86.28,2227929,86.7416159073,87.1998810195,85.730443975,85.9545953886,2227929,0.0,1.0
2024-04-15,87.6,87.9096,85.52,86.13,1983623,87.2696170149,87.5780493599,85.197461725,85.8051611129,1983623,0.0,1.0
2024-04-16,85.83,86.44,85.35,85.88,1868299,85.5062925615,86.1139919494,85.0281028792,85.5561039867,1868299,0.0,1.0
2024-04-17,86.07,86.25,85.16,85.19,1711629,85.7453874026,85.9247085335,84.8388194633,84.8687063184,1711629,0.0,1.0
2024-04-18,85.34,86.125,84.62,84.97,1815419,85.048157591,85.8304730785,84.3306198189,84.6794229025,1815419,0.03,1.0
2024-04-19,85.0,85.61,84.1,84.49,2022710,84.7093203097,85.3172342555,83.8123980947,84.2010643879,2022710,0.0,1.0
2024-04-22,84.81,85.08,84.18,84.31,2113777,84.5199700643,84.7890467288,83.8921245138,84.0216799448,2113777,0.0,1.0
2024-04-23,84.99,86.65,84.79,86.24,1951320,84.6993545073,86.353677704,84.5000384595,85.945079806,1951320,0.0,1.0
2024-04-24,86.11,87.28,85.8,86.72,2020280,85.8155243749,86.9815232545,85.5065845009,86.4234383207,2020280,0.0,1.0
2024-04-25,86.0,86.675,84.74,85.95,1363051,85.7059005486,86.3785922099,84.4502094476,85.6560715367,1363051,0.0,1.0
2024-04-26,85.36,86.9,85.16,86.24,1790728,85.0680891957,86.6028227637,84.8687731479,85.945079806,1790728,0.0,1.0
2024-04-29,86.3,89.18,86.3,88.94,4352997,86.0048746203,88.8750257085,86.0048746203,88.6358464511,4352997,0.0,1.0
2024-04-30,81.04,82.3,76.08,76.24,14433617,80.7628625635,82.0185536646,75.8198245784,75.9792774166,14433617,0.0,1.0
2024-05-01,76.52,79.13,76.5,78.26,5303279,76.2583198835,78.8593943071,76.2383882787,77.9923694993,5303279,0.0,1.0
2024-05-02,79.19,79.37,77.19,77.83,2995695,78.9191891215,79.0985735645,76.9260286436,77.5638399965,2995695,0.0,1.0
2024-05-03,78.5,80.06,78.5,79.47,2722865,78.2315487566,79.7862139294,78.2315487566,79.1982315884,2722865,0.0,1.0
2024-05-06,79.6,80.0,78.65,79.8,2389852,79.3277870194,79.726419115,78.3810357925,79.5271030672,2389852,0.0,1.0
2024-05-07,80.0,81.68,79.67,81.43,3225514,79.726419115,81.4006739164,79.3975476362,81.1515288567,3225514,0.0,1.0
2024-05-08,81.01,81.575,80.25,81.11,2748362,80.7329651564,81.2960329914,79.9755641748,80.8326231802,2748362,0.0,1.0
2024-05-09,81.5,82.76,81.16,82.73,1952664,81.2212894734,82.4769805745,80.8824521922,82.4470831673,1952664,0.0,1.0
2024-05-10,83.17,83.479,82.71,83.4,1856327,82.8855784725,83.1935217663,82.4271515625,83.1147919274,1856327,0.0,1.0
2024-05-13,83.89,84.0,80.58,81.03,1885262,83.6031162445,83.7127400708,80.3044356536,80.7528967611,1885262,0.0,1.0
2024-05-14,81.0,81.69,80.3,80.52,2500813,80.722999354,81.4106397188,80.0253931867,80.2446408393,2500813,0.0,1.0
2024-05-15,81.19,82.24,80.14,81.91,1956224,80.9123495994,81.9587588502,79.8659403485,81.6298873714,1956224,0.0,1.0
2024-05-16,81.5,81.965,80.9,81.31,1627069,81.2212894734,81.6846992845,80.6233413301,81.031939228,1627069,0.0,1.0
2024-05-17,81.0,81.88,80.42,81.86,1321025,80.722999354,81.5999899642,80.1449828154,81.5800583594,1321025,0.0,1.0
2024-05-20,81.97,82.67,81.47,81.75,1248465,81.6896821857,82.387288353,81.1913920663,81.4704345332,1248465,0.0,1.0
2024-05-21,81.75,82.0,81.1,81.94,1150292,81.4704345332,81.7195795929,80.8226573779,81.6597847786,1150292,0.0,1.0
2024-05-22,81.57,81.89,80.37,80.62,1633577,81.2910500902,81.6099557666,80.0951538034,80.3442988632,1633577,0.0,1.0
2024-05-23,80.98,80.98,79.23,79.33,2035027,80.7030677492,80.7030677492,78.959052331,79.0587103549,2035027,0.0,1.0
2024-05-24,79.84,80.26,78.91,79.85,1433940,79.5669662768,79.9855299771,78.6401466546,79.5769320792,1433940,0.0,1.0
2024-05-28,79.37,79.72,78.5,78.75,1854895,79.0985735645,79.4473766481,78.2315487566,78.4806938164,1854895,0.0,1.0
2024-05-29,78.07,78.92,77.9102,78.45,2397013,77.8030192539,78.650112457,77.6437657317,78.1817197447,2397013,0.0,1.0
2024-05-30,78.0,78.93,76.94,78.57,2751672,77.7332586371,78.6600782594,76.6768835839,78.3013093733,2751672,0.0,1.0
2024-05-31,78.73,78.73,76.91,78.0,7002138,78.4607622116,78.4607622116,76.6469861767,77.7332586371,7002138,0.0,1.0
2024-06-03,78.06,78.8,76.25,77.15,3059523,77.7930534515,78.5305228283,75.989243219,76.8861654341,3059523,0.0,1.0
2024-06-04,77.05,77.82,76.25,77.52,1967226,76.7865074102,77.5538741941,75.989243219,77.2549001225,1967226,0.0,1.0
2024-06-05,77.46,77.78,76.62,76.96,2637497,77.1951053081,77.5140109846,76.3579779074,76.6968151887,2637497,0.0,1.0
2024-06-06,76.65,77.15,75.76,77.0,2474915,76.3878753146,76.8861654341,75.5009189019,76.7366783982,2474915,0.0,1.0
2024-06-07,76.72,77.03,75.91,76.34,2357009,76.4576359313,76.7665758054,75.6504059378,76.0789354405,2357009,0.0,1.0
2024-06-10,75.97,76.01,75.22,75.78,2116059,75.7102007521,75.7500639617,74.9627655729,75.5208505067,2116059,0.0,1.0
2024-06-11,75.55,75.55,74.51,74.74,2655598,75.2916370518,75.2916370518,74.2551936033,74.4844070582,2655598,0.0,1.0
2024-06-12,75.2,76.23,75.0101,75.97,3081630,74.9428339681,75.9693116142,74.7535833807,75.7102007521,3081630,0.0,1.0
2024-06-13,75.17,77.33,75.14,76.99,2530207,74.912936561,77.0655498771,74.8830391538,76.7267125958,2530207,0.0,1.0
2024-06-14,76.2,76.61,75.11,76.49,2576779,75.9394142071,76.348012105,74.8531417466,76.2284224764,2576779,0.0,1.0
2024-06-17,76.26,77.86,75.96,77.55,2190477,75.9992090214,77.5937374037,75.7002349497,77.2847975296,2190477,0.0,1.0
2024-06-18,77.31,78.72,77.1702,78.27,2032665,77.0456182723,78.4507964092,76.9062963549,78.0023353017,2032665,0.0,1.0
2024-06-20,78.0,80.1,77.85,79.44,3408068,77.7332586371,79.8260771389,77.5837716013,79.1683341812,3408068,0.0,1.0
2024-06-21,79.83,80.1,78.49,79.17,5198005,79.5570004744,79.8260771389,78.2215829542,78.8992575167,5198005,0.0,1.0
2024-06-24,79.33,79.64,78.66,78.85,2270114,79.0587103549,79.367650229,78.3910015948,78.5803518402,2270114,0.0,1.0
2024-06-25,78.98,79.2801,78.37,78.81,1848520,78.7099072713,79.008981001,78.1019933256,78.5404886307,1848520,0.0,1.0
2024-06-26,78.86,79.29,77.965,78.0,2426367,78.5903176426,79.0188471454,77.6983783288,77.7332586371,2426367,0.0,1.0
2024-06-27,78.01,79.1,77.89,78.82,2192619,77.7432244395,78.8294969,77.6236348109,78.5504544331,2192619,0.0,1.0
2024-06-28,79.21,79.648,77.23,77.92,9422475,78.9391207263,79.3756228709,76.9658918532,77.653532218,9422475,0.0,1.0
2024-07-01,78.35,78.35,76.22,76.26,3081428,78.0820617208,78.0820617208,75.9593458118,75.9992090214,3081428,0.0,1.0
2024-07-02,76.26,76.71,75.68,76.33,2171512,75.9992090214,76.4476701289,75.4211924828,76.0689696381,2171512,0.0,1.0
2024-07-03,76.37,77.35,76.31,77.24,1346737,76.1088328477,77.0854814818,76.0490380333,76.9758576556,1346737,0.0,1.0
2024-07-05,77.2,77.25,76.55,77.06,1689677,76.935994446,76.9858234579,76.2882172907,76.7964732125,1689677,0.0,1.0
2024-07-08,77.0,77.64,76.31,76.35,1662029,76.7366783982,77.3744897511,76.0490380333,76.0889012429,1662029,0.0,1.0
2024-07-09,76.35,77.0,75.74,76.87,2152500,76.0889012429,76.7366783982,75.4809872971,76.6071229671,2152500,0.0,1.0
2024-07-10,76.93,79.22,76.93,79.14,2475345,76.6669177815,78.9490865287,76.6669177815,78.8693601095,2475345,0.0,1.0
2024-07-11,79.19,80.72,79.19,79.94,2540599,78.9191891215,80.4439568871,78.9191891215,79.6666243007,2540599,0.0,1.0
2024-07-12,80.29,81.325,79.94,80.28,2579223,80.0154273843,81.0468879316,79.6666243007,80.0054615819,2579223,0.0,1.0
2024-07-15,80.25,80.63,79.85,80.19,2483235,79.9755641748,80.3542646656,79.5769320792,79.9157693604,2483235,0.0,1.0
2024-07-16,80.45,82.9597,80.19,82.64,3524366,80.1748802225,82.6759976482,79.9157693604,82.3573909458,3524366,0.0,1.0
2024-07-17,82.59,83.62,81.96,82.47,2567847,82.3075619339,83.33403958,81.6797163833,82.1879723052,2567847,0.0,1.0
2024-07-18,81.95,83.505,80.89,80.98,3233866,81.669750581,83.2194328525,80.6133755277,80.7030677492,3233866,0.0,1.0
2024-07-19,81.23,81.385,79.91,80.44,2428375,80.9824038381,81.1369313845,79.6664273138,80.1948118273,2428375,0.03,1.0
2024-07-22,81.08,81.38,80.1,81.23,2439366,80.8328610512,81.1319466249,79.8558481771,80.9824038381,2439366,0.0,1.0
2024-07-23,80.88,81.21,80.5,80.82,1528957,80.6334706687,80.9624647998,80.2546289421,80.573653554,1528957,0.0,1.0
2024-07-24,81.0,81.49,79.63,79.69,2517042,80.7531048982,81.2416113353,79.3872807783,79.4470978931,2517042,0.0,1.0
2024-07-25,80.41,81.06,79.73,79.92,2512432,80.16490327,80.812922013,79.4869759696,79.6763968329,2512432,0.0,1.0
2024-07-26,80.74,81.6875,80.0,80.5,2532946,80.493897401,81.4385093379,79.7561529859,80.2546289421,2532946,0.0,1.0
2024-07-29,80.68,82.459,80.52,82.05,2790418,80.4340802863,82.2076577383,80.2745679803,81.7999044062,2790418,0.0,1.0
2024-07-30,82.54,84.08,81.0,82.65,5269062,82.2884108432,83.8237167882,80.7531048982,82.3980755536,5269062,0.0,1.0
2024-07-31,80.1,88.25,80.0,84.63,8043370,79.8558481771,87.9810062626,79.7561529859,84.37204034,8043370,0.0,1.0
2024-08-01,84.1,85.0,82.22,83.4,3561613,83.8436558264,84.7409125475,81.9693862313,83.1457894878,3561613,0.0,1.0
2024-08-02,82.8,83.53,80.795,83.44,2986428,82.5476183404,83.2753932364,80.5487297562,83.1856675643,2986428,0.0,1.0
2024-08-05,81.97,82.37,79.74,81.52,3589068,81.7201482532,82.1189290181,79.4969454887,81.2715198926,3589068,0.0,1.0
2024-08-06,82.11,82.93,81.17,81.55,2686920,81.8597215209,82.677222089,80.9225867233,81.30142845,2686920,0.0,1.0
2024-08-07,82.23,82.66,78.78,79.34,2401163,81.9793557504,82.4080450727,78.5398716529,79.0981647238,2401163,0.0,1.0
2024-08-08,79.92,82.4,79.68,82.32,1632603,79.6763968329,82.1488375755,79.437128374,82.0690814225,1632603,0.0,1.0
2024-08-09,82.32,83.47,81.315,83.4,1584290,82.0690814225,83.2155761217,81.0671447506,83.1457894878,1584290,0.0,1.0
2024-08-12,83.2,83.2,81.71,82.37,1564528,82.9463991053,82.9463991053,81.460940756,82.1189290181,1564528,0.0,1.0
2024-08-13,83.19,84.49,82.52,84.17,1766159,82.9364295862,84.2324670722,82.268471805,83.9134424603,1766159,0.0,1.0
2024-08-14,84.19,84.23,82.75,83.47,1904751,83.9333814985,83.973259575,82.4977707448,83.2155761217,1904751,0.0,1.0
2024-08-15,83.97,85.94,83.97,85.3,2319449,83.7140520778,85.6780473451,83.7140520778,85.0399981212,2319449,0.0,1.0
2024-08-16,84.93,85.15,84.16,84.8,1341667,84.6711259137,84.8904553344,83.9034729412,84.5415221651,1341667,0.0,1.0
2024-08-19,84.7,85.61,84.15,85.59,1439048,84.4418269738,85.349053214,83.893503422,85.3291141758,1439048,0.0,1.0
2024-08-20,85.16,85.7,83.84,83.94,1464228,84.9004248535,85.4387788861,83.5844483292,83.6841435205,1464228,0.0,1.0
2024-08-21,84.64,84.64,83.54,84.48,984461,84.3820098591,84.3820098591,83.2853627555,84.2224975531,984461,0.0,1.0
2024-08-22,84.78,84.78,83.95,84.37,944832,84.5215831268,84.5215831268,83.6941130396,84.1128328428,944832,0.0,1.0
2024-08-23,85.0,85.57,83.95,84.78,1511760,84.7409125475,85.3091751375,83.6941130396,84.5215831268,1511760,0.0,1.0
2024-08-26,84.64,85.42,84.17,84.49,1475299,84.3820098591,85.1596323507,83.9134424603,84.2324670722,1475299,0.0,1.0
2024-08-27,84.53,84.7,84.03,84.41,1208077,84.2723451487,84.4418269738,83.7738691926,84.1527109192,1208077,0.0,1.0
2024-08-28,84.42,84.42,83.33,83.93,1131469,84.1626804384,84.1626804384,83.0760028539,83.6741740013,1131469,0.0,1.0
2024-08-29,84.25,85.0,83.68,84.08,1264817,83.9931986133,84.7409125475,83.4249360233,83.8237167882,1264817,0.0,1.0
2024-08-30,84.45,84.88,83.59,84.82,1838607,84.1925889957,84.621278318,83.3352103511,84.5614612033,1838607,0.0,1.0
2024-09-03,84.56,85.567,84.33,84.8,1963912,84.3022537061,85.3061842818,84.0729547663,84.5415221651,1963912,0.0,1.0
2024-09-04,84.21,87.72,84.21,87.55,1996299,83.9533205368,87.452621749,83.9533205368,87.2831399239,1996299,0.0,1.0
2024-09-05,87.4,88.5,86.68,87.29,2320980,87.1335971371,88.2302442407,86.4157917602,87.0239324267,2320980,0.0,1.0
2024-09-06,87.23,87.75,85.01,85.09,2696523,86.964115312,87.4825303064,84.7508820666,84.8306382196,2696523,0.0,1.0
2024-09-09,85.36,86.46,84.72,85.12,1659805,85.099815236,86.1964623395,84.4617660121,84.860546777,1659805,0.0,1.0
2024-09-10,85.21,85.73,84.84,85.55,1558880,84.9502724491,85.4686874435,84.5814002415,85.2892360993,1558880,0.0,1.0
2024-09-11,85.26,87.41,83.14,87.19,2630444,85.0001200447,87.1435666562,82.8865819906,86.9242372355,2630444,0.0,1.0
2024-09-12,87.02,87.47,86.04,87.46,1394303,86.7547554104,87.203383771,85.7777425363,87.1934142518,1394303,0.0,1.0
2024-09-13,86.61,87.15,85.71,86.91,10515108,86.3460051264,86.884359159,85.4487484053,86.6450907001,10515108,0.0,1.0
2024-09-16,87.15,87.25,85.855,86.64,4680378,86.884359159,86.9840543502,85.5933064326,86.3759136837,4680378,0.0,1.0
2024-09-17,86.64,88.19,86.35,86.79,3144354,86.3759136837,87.9211891478,86.0867976292,86.5254564706,3144354,0.0,1.0
2024-09-18,87.42,89.6896,86.995,88.53,3508362,87.1535361753,89.4162182356,86.7298316126,88.260152798,3508362,0.0,1.0
2024-09-19,89.67,90.79,88.77,90.62,3128277,89.3966779781,90.5132641199,88.499421257,90.3437822948,3128277,0.0,1.0
2024-09-20,90.35,91.13,89.595,90.28,9492449,90.0746052785,90.8522277701,89.3219065846,90.0048186446,9492449,0.0,1.0
2024-09-23,90.5,91.6135,90.33,90.88,2908847,90.2241480653,91.3342540197,90.0546662402,90.602989792,2908847,0.0,1.0
2024-09-24,91.0,92.34,89.8,92.21,3537826,90.7226240215,92.058539584,89.5262817267,91.9289358354,3537826,0.0,1.0
2024-09-25,92.79,93.53,92.15,93.01,4044715,92.5071679445,93.2449123596,91.8691187206,92.7264973652,4044715,0.0,1.0
2024-09-26,91.02,92.72,89.38,92.49,5273170,90.7425630597,92.4373813107,89.1075619235,92.2080823708,5273170,0.0,1.0
2024-09-27,92.68,94.55,91.89,91.99,12623820,92.3975032342,94.2618033102,91.6099112234,91.7096064147,12623820,0.0,1.0
2024-09-30,92.51,94.32,92.39,93.85,3977633,92.2280214091,94.0325043704,92.1083871796,93.5639369716,3977633,0.0,1.0
2024-10-01,93.82,93.82,91.15,91.67,2615413,93.5340284142,93.5340284142,90.8721668083,91.3905818027,2615413,0.0,1.0
2024-10-02,91.63,92.48,90.97,91.04,1763483,91.3507037262,92.1981128517,90.6927154641,90.762502098,1763483,0.0,1.0
2024-10-03,90.51,90.84,89.52,89.88,2592881,90.2341175844,90.5631117155,89.2471351912,89.6060378797,2592881,0.0,1.0
2024-10-04,90.64,91.47,89.92,91.42,1988678,90.363721333,91.1911914203,89.6459159562,91.1413438246,1988678,0.0,1.0
2024-10-07,91.0,91.3,89.715,90.06,2623422,90.7226240215,91.0217095952,89.4415408141,89.7854892239,2623422,0.0,1.0
2024-10-08,90.24,91.017,89.86,90.69,2075531,89.9649405681,90.739572204,89.5860988414,90.4135689286,2075531,0.0,1.0
2024-10-09,90.8,91.02,89.995,90.77,2122999,90.523233639,90.7425630597,89.7206873496,90.4933250816,2122999,0.0,1.0
2024-10-10,90.3,90.86,89.795,90.25,2269401,90.0247576828,90.5830507537,89.5212969671,89.9749100872,2269401,0.0,1.0
2024-10-11,90.68,91.61,90.39,91.03,1372060,90.4035994095,91.330764688,90.1144833549,90.7525325788,1372060,0.0,1.0
2024-10-14,91.05,91.8,90.57,91.62,1342815,90.7724716171,91.5201855513,90.2939346992,91.3407342071,1342815,0.0,1.0
2024-10-15,91.89,91.955,90.61,90.71,2474297,91.6099112234,91.6747130977,90.3338127757,90.4335079669,2474297,0.0,1.0
2024-10-16,91.04,91.12,89.965,90.22,1823272,90.762502098,90.8422582509,89.6907787922,89.9450015299,1823272,0.0,1.0
2024-10-17,90.74,90.92,90.26,90.82,1711160,90.4634165243,90.6428678685,89.9848796063,90.5431726772,1711160,0.0,1.0
2024-10-18,90.06,91.58,89.985,91.34,1609532,89.8149786554,91.3308432741,89.7401827038,91.091496229,1609532,0.03,1.0
2024-10-21,90.89,91.45,89.52,89.8,1675390,90.6427205196,91.201196958,89.2764478041,89.5556860233,1675390,0.0,1.0
2024-10-22,89.26,89.56,87.695,89.31,2210153,89.0171551719,89.3163389782,87.4564129823,89.0670191396,2210153,0.0,1.0
2024-10-23,88.65,90.36,88.11,89.29,2116660,88.4088147657,90.1141624617,87.8702839144,89.0470735525,2116660,0.0,1.0
2024-10-24,89.56,89.98,88.6,88.9,1291986,89.3163389782,89.7351963071,88.358950798,88.6581346043,1291986,0.0,1.0
2024-10-25,89.26,89.65,88.3,88.42,2035620,89.0171551719,89.4060941201,88.0597669917,88.1794405142,2035620,0.0,1.0
2024-10-28,86.66,86.965,84.9,85.93,4223694,86.4242288505,86.7283990536,84.6690171868,85.6962149218,4223694,0.0,1.0
2024-10-29,85.66,86.7,85.01,85.27,3762314,85.4269494961,86.4641200247,84.7787179158,85.0380105479,3762314,0.0,1.0
2024-10-30,89.73,90.16,85.8001,87.2,4700441,89.4858764685,89.9147065909,85.5666683337,86.9627597019,4700441,0.0,1.0
2024-10-31,86.12,88.145,86.0,87.35,3259515,85.8856979992,87.9051886918,85.7660244766,87.112351605,3259515,0.0,1.0
2024-11-01,87.21,88.44,86.72,86.95,3383485,86.9727324954,88.1993861013,86.4840656118,86.7134398633,3383485,0.0,1.0
2024-11-04,87.6,87.92,86.55,86.99,1431674,87.3616714436,87.680800837,86.3145281215,86.7533310375,1431674,0.0,1.0
2024-11-05,86.81,88.19,86.81,88.17,1656400,86.5738207537,87.9500662627,86.5738207537,87.9301206756,1656400,0.0,1.0
2024-11-06,89.92,90.0,85.075,86.78,4163064,89.6753595458,89.7551418942,84.8435410738,86.5439023731,4163064,0.0,1.0
2024-11-07,87.11,88.88,86.9359,88.33,2497321,86.87300456,88.6381890172,86.6993782244,88.0896853723,2497321,0.0,1.0
2024-11-08,88.8,89.11,85.84,85.94,10190544,88.5584066689,88.8675632688,85.6064597799,85.7061877154,10190544,0.0,1.0
2024-11-11,87.0,87.15,84.47,85.39,4367180,86.763303831,86.9128957342,84.2401870644,85.1576840705,4367180,0.0,1.0
2024-11-12,85.42,85.91,84.72,84.92,3918925,85.1876024511,85.6762693347,84.489506903,84.6889627739,3918925,0.0,1.0
2024-11-13,85.12,85.405,83.255,84.18,3014959,84.8884186448,85.1726432608,83.0284926489,83.9509760517,3014959,0.0,1.0
2024-11-14,83.65,84.69,82.7,82.92,3061123,83.4224179938,84.4595885224,82.4750026072,82.6944040651,3061123,0.0,1.0
2024-11-15,82.81,82.82,81.52,81.76,3768443,82.5847033362,82.5946761297,81.298212969,81.5375600141,3768443,0.0,1.0
2024-11-18,81.9,83.4849,81.885,82.72,2918399,81.6771791237,83.2577671724,81.6622199334,82.4949481943,2918399,0.0,1.0
2024-11-19,82.0,83.2299,81.71,82.52,2513692,81.7769070591,83.0034609371,81.4876960463,82.2954923234,2513692,0.0,1.0
2024-11-20,82.5,85.29,82.41,84.9,6103398,82.2755467363,85.057956135,82.1857915944,84.6690171868,6103398,0.0,1.0
2024-11-21,84.6,85.26,81.84,82.0,4930589,84.3698333805,85.0280377544,81.6173423624,81.7769070591,4930589,0.0,1.0
2024-11-22,81.96,82.58,80.56,82.44,5934944,81.7370158849,82.3553290847,80.3408247888,82.215709975,5934944,0.0,1.0
2024-11-25,83.36,83.5,81.9,82.66,5273312,83.1332069811,83.2728260907,81.6771791237,82.435111433,5273312,0.0,1.0
2024-11-26,82.78,83.43,82.39,82.51,2040899,82.5547849555,83.2030165359,82.1658460073,82.2855195299,2040899,0.0,1.0
2024-11-27,82.85,83.905,82.7177,83.0,1807989,82.6245945103,83.6767242292,82.4926544518,82.7741864135,1807989,0.0,1.0
2024-11-29,83.25,83.51,82.89,83.22,1277723,83.0235062521,83.2827988842,82.6644856845,82.9935878715,1277723,0.0,1.0
2024-12-02,82.89,83.25,82.39,83.08,2247037,82.6644856845,83.0235062521,82.1658460073,82.8539687618,2247037,0.0,1.0
2024-12-03,82.48,83.06,82.034,82.57,2026825,82.2556011492,82.8340231748,81.8108145572,82.3453562911,2026825,0.0,1.0
2024-12-04,82.62,83.21,82.5,83.01,1932890,82.3952202588,82.9836150779,82.2755467363,82.784159207,1932890,0.0,1.0
2024-12-05,82.76,83.33,81.36,81.565,2269264,82.5348393684,83.1032886004,81.1386482723,81.34309054,2269264,0.0,1.0
2024-12-06,81.37,81.97,80.47,81.24,3177174,81.1486210659,81.7469886785,80.2510696469,81.0189747498,3177174,0.0,1.0
2024-12-09,81.36,82.12,81.06,81.9,2373011,81.1386482723,81.8965805816,80.839464466,81.6771791237,2373011,0.0,1.0
2024-12-10,82.42,83.0,81.645,82.36,3124718,82.195764388,82.7741864135,81.4228728883,82.1359276267,3124718,0.0,1.0
2024-12-11,82.05,83.33,81.7801,82.75,3890181,81.8267710268,83.1032886004,81.5576053291,82.5248665749,3890181,0.0,1.0
2024-12-12,82.33,82.62,80.84,81.63,2369952,82.1060092461,82.3952202588,80.620063008,81.407913698,2369952,0.0,1.0
2024-12-13,81.4,81.49,80.62,81.1,2836005,81.1785394465,81.2682945884,80.4006615501,80.8793556402,2836005,0.0,1.0
2024-12-16,80.76,81.78,80.09,80.29,2909202,80.5402806597,81.5575056012,79.8721034923,80.0715593631,2909202,0.0,1.0
2024-12-17,80.34,80.83,79.21,79.25,3557126,80.1214233308,80.6100902145,78.9944976604,79.0343888346,3557126,0.0,1.0
2024-12-18,79.37,80.37,76.98,77.09,3264084,79.1540623571,80.1513417115,76.7705647001,76.8802654291,3264084,0.0,1.0
2024-12-19,77.31,78.18,76.95,77.43,3385706,77.0996668871,77.9672999254,76.7406463195,77.2193404096,3385706,0.0,1.0
2024-12-20,77.57,79.03,76.8912,78.91,11179862,77.3589595192,78.8149873766,76.6820062935,78.6953138541,11179862,0.0,1.0
2024-12-23,78.78,79.35,77.5301,79.28,2495828,78.565667538,79.13411677,77.319168073,79.0643072152,2495828,0.0,1.0
2024-12-24,79.54,79.79,78.735,79.36,1035713,79.3235998473,79.5729196859,78.5207899671,79.1440895636,1035713,0.0,1.0
2024-12-26,79.1,80.18,78.975,79.71,1622105,78.8847969314,79.9618586341,78.7601370121,79.4931373376,1622105,0.0,1.0
2024-12-27,79.32,79.87,78.89,79.51,1533202,79.1041983894,79.6527020343,78.675368267,79.2936814667,1533202,0.0,1.0
2024-12-30,79.12,79.16,77.6,78.6,1850721,78.9047425185,78.9446336927,77.3888778998,78.3861572542,1850721,0.0,1.0
2024-12-31,79.0,79.2699,77.97,78.18,1877777,78.785068996,79.0542346937,77.757871261,77.9672999254,1877777,0.0,1.0
2025-01-02,78.92,78.92,77.72,78.38,2658817,78.7052866476,78.7052866476,77.5085514224,78.1667557963,2658817,0.0,1.0
2025-01-03,78.55,80.62,78.39,80.52,2713052,78.3362932865,80.4006615501,78.1767285898,80.3009336146,2713052,0.0,1.0
2025-01-06,80.52,82.4,80.42,81.72,3746630,80.3009336146,82.1758188009,80.2012056792,81.4976688399,3746630,0.0,1.0
2025-01-07,81.88,83.44,81.4501,83.37,3382126,81.6572335366,83.2129893294,81.2285031421,83.1431797746,3382126,0.0,1.0
2025-01-08,84.65,87.3,84.29,86.26,4432588,84.4196973482,87.0624876373,84.0606767806,86.0253171088,4432588,0.0,1.0
2025-01-10,85.38,86.07,84.4,84.76,3792183,85.1477112769,85.8358340314,84.1703775096,84.5293980772,3792183,0.0,1.0
2025-01-13,85.14,85.545,83.8971,85.36,2903920,84.9083642319,85.3122623704,83.6688457223,85.1277656898,2903920,0.0,1.0
2025-01-14,85.89,85.99,83.82,84.13,2821427,85.6919587332,85.7917281577,83.6267316453,83.9360168613,2821427,0.035,1.0
2025-01-15,85.22,86.25,82.86,83.66,4148911,85.0235035888,86.0511286615,82.6689451698,83.467100566,4148911,0.0,1.0
2025-01-16,83.76,85.35,83.3794,85.0,2116033,83.5668699906,85.1532038407,83.1871475608,84.8040108548,2116033,0.0,1.0
2025-01-17,86.34,86.34,84.58,84.74,2855424,86.1409211436,86.1409211436,84.3849792718,84.544610351,2855424,0.0,1.0
2025-01-21,85.14,87.62,84.64,87.34,2861947,84.9436880492,87.4179697776,84.4448409265,87.1386153889,2861947,0.0,1.0
2025-01-22,87.22,88.27,86.7534,87.33,2381219,87.0188920795,88.0664710371,86.5533679446,87.1286384465,2381219,0.0,1.0
2025-01-23,87.33,88.67,86.86,88.16,1697227,87.1286384465,88.4655487352,86.6597221512,87.9567246701,1697227,0.0,1.0
2025-01-24,87.51,88.78,87.02,88.67,2008570,87.3082234106,88.5752951022,86.8193532304,88.4655487352,2008570,0.0,1.0
2025-01-27,88.88,89.69,88.17,88.99,2376805,88.6750645268,89.4831968655,87.9667016126,88.7848108938,2376805,0.0,1.0
2025-01-28,88.75,89.32,87.7,87.78,2407150,88.5453642749,89.1140499947,87.4977853173,87.5776008569,2407150,0.0,1.0
2025-01-29,87.79,88.61,87.54,87.85,1336221,87.5875777993,88.4056870805,87.338154238,87.6474394541,1336221,0.0,1.0
2025-01-30,88.55,89.75,88.41,89.55,1618662,88.3458254258,89.5430585202,88.2061482315,89.3435196712,1618662,0.0,1.0
2025-01-31,89.13,89.8,88.22,88.3,1775510,88.9244880881,89.5929432325,88.0165863248,88.0964018645,1775510,0.0,1.0
2025-02-03,87.41,88.49,86.36,87.51,2142309,87.2084539861,88.2859637711,86.1608750285,87.3082234106,2142309,0.0,1.0
2025-02-04,87.69,88.03,86.76,86.93,2488865,87.4878083748,87.8270244182,86.5599527266,86.7295607483,2488865,0.0,1.0
2025-02-05,87.01,87.79,86.3,87.17,2347101,86.809376288,87.5875777993,86.1010133738,86.9690073672,2347101,0.0,1.0
2025-02-06,87.51,90.74,87.365,88.55,3253030,87.3082234106,90.5307758231,87.1635577451,88.3458254258,3253030,0.0,1.0
2025-02-07,88.8,89.36,87.4977,87.64,1671463,88.5952489871,89.1539577645,87.2959517714,87.4379236625,1671463,0.0,1.0
2025-02-10,88.0,88.28,86.865,87.5,2036600,87.7970935909,88.0764479796,86.6647106224,87.2982464682,2036600,0.0,1.0
2025-02-11,86.81,87.98,86.735,87.03,2392505,86.6098374389,87.7771397059,86.5350103705,86.8293301729,2392505,0.0,1.0
2025-02-12,85.94,86.67,85.5,85.9,3656327,85.7418434454,86.4701602445,85.3028579775,85.7019356756,3656327,0.0,1.0
2025-02-13,90.0,94.8,89.64,93.48,7832685,89.7924820816,94.5814144592,89.4333121532,93.2644580554,7832685,0.0,1.0
2025-02-14,93.2,93.2099,91.18,92.21,3946666,92.9851036667,92.9949808397,90.9697612911,91.9973863638,3946666,0.0,1.0
2025-02-18,92.25,93.26,92.125,92.67,3262773,92.0372941336,93.0449653214,91.9125823529,92.4563257166,3262773,0.0,1.0
2025-02-19,92.28,93.15,91.6,92.52,3284264,92.067224961,92.9352189544,91.3887928741,92.3066715798,3284264,0.0,1.0
2025-02-20,92.33,93.14,91.54,92.09,2341300,92.1171096732,92.925242012,91.3289312194,91.8776630543,2341300,0.0,1.0
2025-02-21,91.54,91.74,90.43,91.09,2854719,91.3289312194,91.5284700685,90.2214906071,90.879968809,2854719,0.0,1.0
2025-02-24,90.64,91.7,90.3712,90.57,2768971,90.4310063986,91.4885622987,90.1628261854,90.3611678014,2768971,0.0,1.0
2025-02-25,91.09,91.39,90.01,90.81,2310907,90.879968809,91.1792770826,89.802459024,90.6006144203,2310907,0.0,1.0
2025-02-26,90.37,91.65,90.155,90.71,1846613,90.1616289523,91.4386775864,89.9471246896,90.5008449958,1846613,0.0,1.0
2025-02-27,90.11,92.1979,89.28,89.4,3926344,89.9022284485,91.9853142634,89.0741422249,89.1938655343,3926344,0.0,1.0
2025-02-28,89.96,90.26,85.89,87.35,4214630,89.7525743117,90.0518825853,85.6919587332,87.1485923314,4214630,0.0,1.0
2025-03-03,87.49,88.98,86.29,86.45,3556277,87.2882695257,88.7748339513,86.0910364313,86.2506675106,3556277,0.0,1.0
2025-03-04,86.62,86.62,82.71,84.31,3998859,86.4202755323,86.4202755323,82.519291033,84.1156018255,3998859,0.0,1.0
2025-03-05,84.0,85.4877,83.79,84.76,3111468,83.8063166095,85.2905863383,83.5968008179,84.5645642359,3111468,0.0,1.0
2025-03-06,84.0,85.87,83.62,85.41,3946082,83.8063166095,85.6720048483,83.4271927962,85.2130654954,3946082,0.0,1.0
2025-03-07,85.5,86.94,84.7,86.58,4076651,85.3028579775,86.7395376908,84.5047025812,86.3803677625,4076651,0.0,1.0
2025-03-10,85.775,87.34,84.87,85.36,3544353,85.577223895,87.1386153889,84.6743106029,85.1631807831,3544353,0.0,1.0
2025-03-11,87.34,89.23,84.9404,85.59,4276812,87.1386153889,89.0242575126,84.7445482778,85.3926504596,4276812,0.0,1.0
2025-03-12,85.72,86.0899,83.755,83.79,2819704,85.5223507115,85.8913978128,83.5618815193,83.5968008179,2819704,0.0,1.0
2025-03-13,83.64,84.12,81.16,81.45,3605718,83.4471466811,83.9260399189,80.9728649527,81.2621962838,3605718,0.0,1.0
2025-03-14,82.15,82.33,80.4011,81.97,5207272,81.9605822556,82.1401672197,80.2157147899,81.7809972914,5207272,0.0,1.0
2025-03-17,81.84,82.895,81.62,82.47,2526776,81.6512970395,82.7038644683,81.4318043055,82.2798444141,2526776,0.0,1.0
2025-03-18,82.16,82.38,81.23,82.14,2900010,81.970559198,82.190051932,81.0427035498,81.9506053131,2900010,0.0,1.0
2025-03-19,81.88,82.6248,81.78,82.4,3124321,81.6912048093,82.4342874832,81.5914353848,82.2100058169,3124321,0.0,1.0
2025-03-20,82.05,82.68,81.55,81.81,2731279,81.860812831,82.4893602056,81.3619657083,81.6213662121,2731279,0.0,1.0
2025-03-21,81.15,81.83,80.15,81.49,4304576,80.9628880102,81.641320097,79.9651937649,81.3021040536,4304576,0.0,1.0
2025-03-24,82.15,82.79,81.48,81.7,4453606,81.9605822556,82.5991065726,81.2921271112,81.5116198451,4453606,0.0,1.0
2025-03-25,81.96,82.89,81.48,82.46,3730293,81.7710203489,82.6988759971,81.2921271112,82.2698674716,3730293,0.0,1.0
2025-03-26,82.4,82.8598,80.485,81.0,2859425,82.2100058169,82.6687456309,80.299421337,80.8132338734,2859425,0.0,1.0
2025-03-27,81.39,82.8,81.17,81.66,3074578,81.2023346291,82.609083515,80.9828418951,81.4717120753,3074578,0.0,1.0
2025-03-28,81.42,81.7877,79.785,80.01,3189843,81.2322654564,81.5991176305,79.6010353653,79.8255165705,3189843,0.0,1.0
2025-03-31,79.7,81.01,79.2,80.71,4151235,79.5162313544,80.8232108159,79.0173842318,80.5239025423,4151235,0.0,1.0
2025-04-01,80.37,80.84,79.33,79.57,2996524,80.1846864988,80.6536027941,79.1470844837,79.3865311026,2996524,0.0,1.0
2025-04-02,78.78,79.88,78.7,79.36,2806093,78.5983526487,79.6958163186,78.5185371091,79.177015311,2806093,0.0,1.0
2025-04-03,76.535,76.59,70.45,72.0,9252754,76.3585290679,76.4134022514,70.287559585,71.8339856652,9252754,0.0,1.0
2025-04-04,63.36,63.7965,58.04,60.51,16890636,63.2139073854,63.6494009235,57.9061740002,60.3704787862,16890636,0.0,1.0
2025-04-07,60.53,63.745,58.855,60.99,9299615,60.3904326711,63.5980196699,58.7192948101,60.8493720239,9299615,0.0,1.0
2025-04-08,63.19,64.43,58.05,58.75,7418872,63.0442993637,64.2814402279,57.9161509426,58.6145369144,7418872,0.0,1.0
2025-04-09,57.7,65.53,57.65,64.98,8488475,57.5669579567,65.3789038978,57.5170732445,64.8301720629,8488475,0.0,1.0
2025-04-10,63.69,64.2,59.6973,62.28,7636324,63.5431464864,64.0519705515,59.559652673,62.1363976004,7636324,0.0,1.0
2025-04-11,62.34,63.5966,60.859,62.81,7221455,62.1962592552,63.4499618439,60.7186740778,62.6651755505,7221455,0.0,1.0
2025-04-14,63.92,64.785,63.24,64.39,4896309,63.7726161628,64.635621685,63.094184076,64.2415324581,4896309,0.0,1.0
2025-04-15,64.5,64.8,62.66,63.1,5405796,64.3512788251,64.6505870987,62.5155214137,62.9545068816,5405796,0.0,1.0
2025-04-16,63.1,63.695,60.7,61.48,6207059,62.9545068816,63.5481349576,60.5600406928,61.3382422042,6207059,0.0,1.0
2025-04-17,61.99,62.84,61.7,62.37,4473983,61.8470662693,62.6951063778,61.5577349381,62.2261900825,4473983,0.0,1.0
2025-04-21,61.73,61.805,59.95,60.48,5755164,61.5876657655,61.6624928339,59.8117700088,60.3405479588,5755164,0.0,1.0
2025-04-22,61.59,62.34,60.75,61.65,4508835,61.4479885711,62.1962592552,60.6099254051,61.5078502259,4508835,0.0,1.0
2025-04-23,64.5,67.08,64.275,64.89,6292782,64.3512788251,66.9253299781,64.1267976199,64.7403795808,6292782,0.0,1.0
2025-04-24,65.04,67.39,64.77,67.08,6555822,64.8900337176,67.2346151942,64.6206562714,66.9253299781,6555822,0.0,1.0
2025-04-25,69.0,70.82,67.93,68.42,5508673,68.8761182405,70.6928506347,67.8080393055,68.2971595655,5508673,0.035,1.0
2025-04-28,68.33,68.8,67.28,68.07,3896577,68.2073211504,68.6764773181,67.1592063076,67.9477879512,3896577,0.0,1.0
2025-04-29,67.88,68.54,67.11,68.09,5692078,67.7581290749,68.4169441189,66.9895115235,67.9677520435,5692078,0.0,1.0
2025-04-30,72.5,72.6,69.84,70.33,12759271,72.3698343832,72.4696548444,69.7146101148,70.2037303747,12759271,0.0,1.0
2025-05-01,70.32,70.92,67.63,67.67,8115286,70.1937483286,70.7926710959,67.5085779219,67.5485061063,8115286,0.0,1.0
2025-05-02,69.9,71.21,69.37,70.53,7209670,69.7745023915,71.0821504335,69.2454539471,70.4033712972,7209670,0.0,1.0
2025-05-05,69.93,70.59,69.19,69.37,5927749,69.8044485299,70.4632635739,69.0657771169,69.2454539471,5927749,0.0,1.0
2025-05-06,68.48,68.98,67.07,67.09,5677386,68.3570518422,68.8561541483,66.949583339,66.9695474313,5677386,0.0,1.0
2025-05-07,67.475,69.3096,66.95,68.82,5304868,67.353856207,69.1851623885,66.8297987856,68.6964414104,5304868,0.0,1.0
2025-05-08,69.49,71.4,69.11,70.5,6022322,69.3652385005,71.2718093098,68.9859207479,70.3734251588,6022322,0.0,1.0
2025-05-09,70.75,71.81,69.79,69.87,5724417,70.6229763119,71.6810732008,69.6646998842,69.7445562531,5724417,0.0,1.0
2025-05-12,76.95,77.75,73.51,74.11,8031240,76.8118449074,77.6104085971,73.3780210415,73.9769438088,8031240,0.0,1.0
2025-05-13,74.35,75.69,73.67,73.83,4750991,74.2165129157,75.554107096,73.5377337794,73.6974465174,4750991,0.0,1.0
2025-05-14,73.51,73.945,72.72,72.84,3849434,73.3780210415,73.8122400478,72.5894393979,72.7092239513,3849434,0.0,1.0
2025-05-15,72.28,73.06,71.555,72.91,3448298,72.1502293685,72.928828966,71.4265310247,72.7790982742,3448298,0.0,1.0
2025-05-16,72.91,73.23,72.045,73.13,3309522,72.7790982742,73.0985237501,71.9156512846,72.9987032889,3309522,0.0,1.0
2025-05-19,72.24,73.29,71.88,73.1,2418453,72.110301184,73.1584160268,71.7509475236,72.9687571505,2418453,0.0,1.0
2025-05-20,72.6,73.0,71.79,71.85,3268425,72.4696548444,72.8689366893,71.6611091085,71.7210013853,3268425,0.0,1.0
2025-05-21,71.42,71.49,69.41,69.58,3226105,71.291773402,71.3616477249,69.2853821315,69.4550769156,3226105,0.0,1.0
2025-05-22,69.41,70.115,68.2234,69.44,2835362,69.2853821315,69.9891163831,68.1009125387,69.3153282699,2835362,0.0,1.0
2025-05-23,68.5,69.36,68.44,69.16,2486599,68.3770159345,69.2354719009,68.3171236577,69.0358309785,2486599,0.0,1.0
2025-05-27,70.38,71.39,69.77,71.01,3183866,70.2536406054,71.2618272637,69.6447357919,70.882509511,3183866,0.0,1.0
2025-05-28,71.01,71.45,70.5,71.15,2448580,70.882509511,71.3217195404,70.3734251588,71.0222581567,2448580,0.0,1.0
2025-05-29,71.8,72.0,70.78,71.53,2807782,71.6710911547,71.8707320771,70.6529224502,71.4015759094,2807782,0.0,1.0
2025-05-30,71.34,71.34,69.59,70.54,7095548,71.211917033,71.211917033,69.4650589617,70.4133533433,7095548,0.0,1.0
2025-06-02,70.43,70.45,69.86,70.15,2396311,70.303550836,70.3235149282,69.734574207,70.0240535446,2396311,0.0,1.0
2025-06-03,70.0,71.3,69.31,71.16,2445581,69.8743228527,71.1719888486,69.1855616703,71.0322402029,2445581,0.0,1.0
2025-06-04,71.35,71.55,70.93,71.13,1672626,71.2218990792,71.4215400016,70.8026531421,71.0022940645,1672626,0.0,1.0
2025-06-05,71.31,71.98,70.85,71.55,1898969,71.1819708947,71.8507679848,70.7227967731,71.4215400016,1898969,0.0,1.0
2025-06-06,72.02,72.45,70.88,71.62,2152751,71.8906961693,72.3199241526,70.7527429114,71.4914143245,2152751,0.0,1.0
2025-06-09,71.85,72.99,71.475,71.67,2075849,71.7210013853,72.8589546431,71.3466746557,71.5413245551,2075849,0.0,1.0
2025-06-10,71.89,74.12,71.76,73.92,4533531,71.7609295697,73.9869258549,71.6311629702,73.7872849325,4533531,0.0,1.0
2025-06-11,74.005,74.16,72.84,73.4,3051844,73.8721323245,74.0268540394,72.7092239513,73.2682185341,3051844,0.0,1.0
2025-06-12,73.21,73.795,72.33,73.11,3574773,73.0785596578,73.662509356,72.2001395991,72.9787391966,3574773,0.0,1.0
2025-06-13,72.19,72.79,71.91,72.25,2977136,72.0603909534,72.6593137207,71.780893662,72.1202832301,2977136,0.0,1.0
2025-06-16,72.35,73.12,71.68,72.86,3047048,72.2201036914,72.9887212427,71.5513066012,72.7291880436,3047048,0.0,1.0
2025-06-17,72.37,72.71,70.895,71.14,2918125,72.2400677836,72.5794573517,70.7677159806,71.0122761106,2918125,0.0,1.0
2025-06-18,71.25,72.17,70.99,71.89,3496326,71.122078618,72.0404268612,70.8625454188,71.7609295697,3496326,0.0,1.0
2025-06-20,72.6,72.61,71.215,71.28,6306613,72.4696548444,72.4796368905,71.0871414565,71.1520247563,6306613,0.0,1.0
2025-06-23,71.28,71.385,69.49,71.16,3142371,71.1520247563,71.2568362406,69.3652385005,71.0322402029,3142371,0.0,1.0
2025-06-24,71.58,72.29,71.41,71.98,8746751,71.45148614,72.1602114146,71.2817913559,71.8507679848,8746751,0.0,1.0
2025-06-25,72.01,72.85,71.1,72.75,5681068,71.8807141232,72.7192059974,70.9723479261,72.6193855362,5681068,0.0,1.0
2025-06-26,73.0,75.29,72.92,74.86,5091867,72.8689366893,75.1548252512,72.7890803203,74.7255972679,5091867,0.0,1.0
2025-06-27,75.2,75.57,74.08,74.38,6817105,75.0649868361,75.4343225426,73.9469976704,74.2464590541,6817105,0.0,1.0
2025-06-30,74.0,74.58,73.572,74.07,2952426,73.8671413015,74.4460999765,73.4399097274,73.9370156243,2952426,0.0,1.0
2025-07-01,73.82,76.825,73.6101,75.95,3298682,73.6874644713,76.6870693309,73.4779413232,75.8136402952,3298682,0.0,1.0
2025-07-02,75.78,76.16,75.36,76.12,2526079,75.6439455111,76.0232632638,75.224699574,75.9833350793,2526079,0.0,1.0
2025-07-03,76.18,76.53,75.69,76.07,1800530,76.043227356,76.3925989703,75.554107096,75.9334248487,1800530,0.0,1.0
2025-07-07,75.61,76.49,74.38,74.61,3528598,75.4742507271,76.3526707858,74.2464590541,74.4760461149,3528598,0.0,1.0
2025-07-08,74.66,76.68,74.5,75.2,3522523,74.5259563455,76.5423296621,74.3662436075,75.0649868361,3522523,0.0,1.0
2025-07-09,75.85,76.11,74.88,75.51,2574322,75.713819834,75.9733530332,74.7455613602,75.3744302658,2574322,0.0,1.0
2025-07-10,75.51,77.32,75.13,76.5,2739156,75.3744302658,77.1811806139,74.9951125132,76.3626528319,2739156,0.0,1.0
2025-07-11,75.67,75.8618,74.94,75.13,1897906,75.5341430038,75.7255986484,74.8054536369,74.9951125132,1897906,0.0,1.0
2025-07-14,74.81,74.875,73.88,74.45,2236813,74.6756870373,74.7405703371,73.747356748,74.3163333769,2236813,0.0,1.0
2025-07-15,74.79,74.93,73.66,74.39,4637462,74.6557229451,74.7954715908,73.5277517333,74.2564411002,4637462,0.0,1.0
2025-07-16,74.44,76.21,74.2,75.45,6398549,74.3063513308,76.0731734944,74.0667822239,75.3145379891,6398549,0.0,1.0
2025-07-17,75.29,76.58,74.81,76.24,3968288,75.1548252512,76.4425092009,74.6756870373,76.1031196327,3968288,0.0,1.0
2025-07-18,76.84,76.855,75.45,75.96,3383686,76.7020424,76.7170154692,75.3145379891,75.8236223413,3383686,0.0,1.0
2025-07-21,75.72,75.8999,74.095,74.16,3902782,75.5840532344,75.7636302441,73.9619707396,74.0268540394,3902782,0.0,1.0
2025-07-22,74.16,76.78,74.11,76.49,4674259,74.0268540394,76.6421501233,73.9769438088,76.3526707858,4674259,0.0,1.0
2025-07-23,77.6,77.8,76.7,77.25,2337068,77.4606779053,77.6603188277,76.5622937543,77.111306291,2337068,0.0,1.0
2025-07-24,77.0,77.855,76.315,76.77,2392686,76.861755138,77.7152200814,76.1779849787,76.6321680772,2392686,0.0,1.0
2025-07-25,76.76,77.83,75.97,77.61,3132745,76.6567405538,77.7253011634,75.8678032813,77.5055971129,3132745,0.035,1.0
2025-07-28,77.37,78.77,76.9808,77.74,3950871,77.2659199668,78.6640366522,76.8772435282,77.6354222336,3950871,0.0,1.0
2025-07-29,78.21,78.7,77.44,77.72,4524015,78.104789978,78.594130818,77.3358258011,77.6154491381,4524015,0.0,1.0
2025-07-30,73.35,73.925,70.32,71.64,12909970,73.25132777,73.8255542658,70.2254038007,71.5436281042,12909970,0.0,1.0
2025-07-31,72.34,73.01,71.11,71.32,6427655,72.2426864469,72.9117851464,71.0143410733,71.2240585761,6427655,0.0,1.0
2025-08-01,70.39,70.9,69.09,69.85,5128445,70.295309635,70.8046235704,68.9970584271,69.7560360563,5128445,0.0,1.0
2025-08-04,70.41,70.975,69.91,70.64,3251670,70.3152827305,70.8795226786,69.8159553429,70.5449733289,3251670,0.0,1.0
2025-08-05,70.99,71.54,70.51,70.74,3726178,70.8945025002,71.4437626266,70.4151482081,70.6448388064,3726178,0.0,1.0
2025-08-06,70.94,71.03,69.58,69.96,5171041,70.8445697614,70.9344486912,69.486399267,69.8658880816,5171041,0.0,1.0
2025-08-07,70.85,71.53,70.01,71.1,4234119,70.7546908317,71.4337760789,69.9158208204,71.0043545255,4234119,0.0,1.0
2025-08-08,71.2,72.085,71.01,72.0,3025116,71.104220003,71.9880294792,70.9144755957,71.9031438233,3025116,0.0,1.0
2025-08-11,72.04,73.34,71.92,73.0,4130158,71.9430900143,73.2413412222,71.8232514413,72.9017985986,4130158,0.0,1.0
2025-08-12,73.23,74.61,73.0493,74.41,2489201,73.1314891969,74.5096327869,72.951032279,74.3099018318,2489201,0.0,1.0
2025-08-13,74.41,75.44,74.315,75.33,3067975,74.3099018318,75.3385162504,74.2150296282,75.2286642251,3067975,0.0,1.0
2025-08-14,74.92,75.12,73.25,73.66,3122883,74.8192157672,75.0189467223,73.1514622924,73.5609107503,3122883,0.0,1.0
2025-08-15,74.01,74.52,73.06,73.4,2926993,73.9104399217,74.4197538571,72.9617178851,73.3012605087,2926993,0.0,1.0
2025-08-18,73.36,73.78,72.71,73.17,2292503,73.2613143177,73.6807493234,72.6121887138,73.0715699104,2292503,0.0,1.0
2025-08-19,72.92,74.045,72.7,73.97,2949907,72.8219062166,73.9453928388,72.602202166,73.8704937307,2949907,0.0,1.0
2025-08-20,74.05,74.39,73.62,73.87,2157043,73.9503861127,74.2899287363,73.5209645593,73.7706282531,2157043,0.0,1.0
2025-08-21,73.5,74.0641,72.97,73.15,2575912,73.4011259863,73.964467145,72.8718389554,73.0515968149,2575912,0.0,1.0
2025-08-22,73.85,75.555,73.695,75.22,3666577,73.7506551576,75.4533615496,73.5958636675,75.1188121998,3666577,0.0,1.0
2025-08-25,74.97,75.11,73.9975,74.59,2022025,74.869148506,75.0089601745,73.897956737,74.4896596914,2022025,0.0,1.0
2025-08-26,74.58,74.9085,73.76,74.09,1845956,74.4796731436,74.8077312373,73.6607762279,73.9903323037,1845956,0.0,1.0
2025-08-27,73.77,74.48,73.72,74.26,2113031,73.6707627756,74.3798076661,73.6208300368,74.1601036155,2113031,0.0,1.0
2025-08-28,74.425,74.5,73.22,73.72,2511989,74.3248816535,74.3997807616,73.1215026492,73.6208300368,2511989,0.0,1.0
2025-08-29,73.68,74.15,73.2,73.73,1983083,73.5808838458,74.0502515902,73.1015295537,73.6308165846,1983083,0.0,1.0
2025-09-02,72.97,73.31,71.14,71.6,4045635,72.8718389554,73.211381579,71.0443007165,71.5036819132,4045635,0.0,1.0
2025-09-03,71.915,72.66,71.63,72.38,3543861,71.8182581674,72.562255975,71.5336415564,72.2826326379,3543861,0.0,1.0
2025-09-04,72.48,74.14,71.56,74.12,2217209,72.3824981154,74.0402650425,71.4637357221,74.020291947,2217209,0.0,1.0
2025-09-05,74.25,75.75,74.21,75.73,3010746,74.1501170678,75.6480992308,74.1101708768,75.6281261352,3010746,0.0,1.0
2025-09-08,76.14,78.43,74.99,78.16,6251185,76.0375745931,78.3244940286,74.8891216015,78.0548572393,6251185,0.0,1.0
2025-09-09,77.94,78.89,77.41,78.71,3997907,77.8351531887,78.7838752253,77.3058661578,78.6041173657,3997907,0.0,1.0
2025-09-10,78.71,79.69,75.65,75.99,4250769,78.6041173657,79.5827990455,75.5482337532,75.8877763768,4250769,0.0,1.0
2025-09-11,75.94,78.4,75.64,77.96,4357972,75.8378436381,78.2945343854,75.5382472055,77.8551262842,4357972,0.0,1.0
2025-09-12,77.47,77.635,76.38,76.44,3254165,77.3657854443,77.5305634822,76.2772517392,76.3371710257,3254165,0.0,1.0
2025-09-15,76.58,78.24,76.5,77.76,3196678,76.4769826943,78.1347496213,76.3970903122,77.6553953292,3196678,0.0,1.0
2025-09-16,78.32,78.5,77.31,77.48,3384555,78.2146420033,78.3943998629,77.2060006803,77.3757719921,3384555,0.0,1.0
2025-09-17,77.5,78.68,76.11,76.63,2925422,77.3957450876,78.5741577225,76.0076149499,76.526915433,2925422,0.0,1.0
2025-09-18,76.99,77.05,73.75,74.0,3841573,76.8864311522,76.9463504387,73.6507896801,73.9004533739,3841573,0.0,1.0
2025-09-19,74.46,75.54,74.39,74.91,6294213,74.3598345706,75.4383817279,74.2899287363,74.8092292195,6294213,0.0,1.0
2025-09-22,74.61,75.07,73.775,74.77,3156325,74.5096327869,74.9690139835,73.6757560495,74.6694175509,3156325,0.0,1.0
2025-09-23,74.63,75.44,74.47,74.6,3143232,74.5296058824,75.3385162504,74.3698211183,74.4996462391,3143232,0.0,1.0
2025-09-24,74.71,75.04,73.67,73.98,2320480,74.6094982644,74.9390543403,73.5708972981,73.8804802784,2320480,0.0,1.0
2025-09-25,72.9,72.9,69.785,71.5,5017067,72.8019331211,72.8019331211,69.6911234959,71.4038164356,5017067,0.0,1.0
2025-09-26,72.23,72.99,71.72,72.46,2679239,72.1328344216,72.8918120509,71.6235204862,72.3625250199,2679239,0.0,1.0
2025-09-29,73.0,73.645,72.44,73.09,2914590,72.9017985986,73.5459309287,72.3425519244,72.9916775284,2914590,0.0,1.0
2025-09-30,72.8,75.27,72.71,75.1,4089690,72.7020676435,75.1687449386,72.6121887138,74.9989736268,4089690,0.0,1.0
2025-10-01,74.96,76.5,74.21,75.51,3579455,74.8591619582,76.3970903122,74.1101708768,75.4084220847,3579455,0.0,1.0
2025-10-02,75.1,76.85,74.61,76.82,2517223,74.9989736268,76.7466194836,74.5096327869,76.7166598404,2517223,0.0,1.0
2025-10-03,77.16,77.95,76.43,76.56,2696434,77.056202464,77.8451397365,76.327184478,76.4570095988,2696434,0.0,1.0
2025-10-06,76.66,76.7,75.88,76.41,1677062,76.5568750763,76.5968212673,75.7779243515,76.3072113825,1677062,0.0,1.0
2025-10-07,75.13,75.49,74.2,74.49,2808400,75.0289332701,75.3884489892,74.100184329,74.3897942138,2808400,0.0,1.0
2025-10-08,74.43,75.18,73.81,75.13,2478228,74.3298749273,75.0788660088,73.7107089666,75.0289332701,2478228,0.0,1.0
2025-10-09,74.88,75.2862,73.79,74.22,1825336,74.7792695762,75.184923146,73.6907358711,74.1201574245,1825336,0.0,1.0
2025-10-10,74.0111,74.54,70.03,71.01,7015446,73.9115384419,74.4397269526,69.9357939159,70.9144755957,7015446,0.0,1.0
2025-10-13,72.02,72.83,71.7,71.84,2693865,71.9231169188,72.7320272868,71.6035473907,71.7433590592,2693865,0.0,1.0
2025-10-14,71.17,73.1,70.98,72.34,2783795,71.0742603598,73.0016640761,70.8845159525,72.2426864469,2783795,0.0,1.0
2025-10-15,72.89,73.94,72.26,73.22,3432901,72.7919465733,73.8405340874,72.1627940649,73.1215026492,3432901,0.0,1.0
2025-10-16,73.89,74.235,72.755,73.38,1766938,73.7906013487,74.1351372461,72.6571281787,73.2812874132,1766938,0.0,1.0
2025-10-17,73.0,74.2,72.65,74.05,2049478,72.9017985986,74.100184329,72.5522694273,73.9503861127,2049478,0.0,1.0
2025-10-20,74.35,75.9125,74.06,75.48,2051117,74.2499825453,75.8103806317,73.9603726605,75.3784624414,2051117,0.0,1.0
2025-10-21,75.25,76.55,75.18,76.1,1644454,75.1487718431,76.447023051,75.0788660088,75.9976284021,1644454,0.0,1.0
2025-10-22,76.02,77.14,75.7,76.14,2547671,75.9177360201,77.0362293685,75.598166492,76.0375745931,2547671,0.0,1.0
2025-10-23,76.32,77.4,75.88,77.26,2235458,76.2173324527,77.29587961,75.7779243515,77.1560679415,2235458,0.0,1.0
2025-10-24,77.58,78.33,77.14,78.14,2600338,77.5103398923,78.2596664574,77.0707349741,78.0698370609,2600338,0.035,1.0
2025-10-27,78.62,79.15,78.28,78.35,4093567,78.5494060626,79.0789301686,78.2097113531,78.2796484991,4093567,0.0,1.0
2025-10-28,78.12,79.75,77.68,79.4,5876964,78.0498550192,79.6783914206,77.610250101,79.3287056903,5876964,0.0,1.0
2025-10-29,76.74,78.385,73.73,77.38,8765313,76.6710941394,78.3146170722,73.6637968582,77.310519475,8765313,0.0,1.0
2025-10-30,77.38,77.38,73.95,75.0,3474822,77.310519475,77.310519475,73.8835993173,74.9326565084,3474822,0.0,1.0
2025-10-31,74.64,75.19,73.52,74.95,3275729,74.5729797572,75.1224859049,73.45398542,74.8827014041,3275729,0.0,1.0
2025-11-03,74.83,75.87,73.638456,74.47,4442860,74.7628091537,75.8018753239,73.5723350568,74.4031324024,4442860,0.0,1.0
2025-11-04,74.41,75.49,73.9,74.3,2489672,74.3431862772,75.4222165309,73.833644213,74.2332850477,2489672,0.0,1.0
2025-11-05,74.21,76.81,73.31,75.61,3688270,74.1433658599,76.7410312855,73.2441739818,75.5421087814,3688270,0.0,1.0
2025-11-06,75.46,76.36,74.0201,74.17,2554435,75.3922434683,76.2914353464,73.9536363736,74.1034017764,2554435,0.0,1.0
2025-11-07,73.6,74.14,72.695,73.05,4401417,73.5339135869,74.0734287138,72.6297261984,72.9844074392,4401417,0.0,1.0
2025-11-10,73.47,74.0,72.21,73.48,4400795,73.4040303157,73.9335544216,72.1451616863,73.4140213365,4400795,0.0,1.0
2025-11-11,73.5,74.39,72.82,73.41,3673014,73.4340033783,74.3232042355,72.7546139592,73.3440841904,3673014,0.0,1.0
2025-11-12,73.7,75.5,73.29,74.98,3034634,73.6338237956,75.4322075518,73.22419194,74.9126744667,3034634,0.0,1.0
2025-11-13,74.34,75.59,73.92,73.97,2708297,74.2732491312,75.5221267396,73.8536262547,73.903581359,2708297,0.0,1.0
2025-11-14,73.71,74.025,72.5,73.15,4407251,73.6438148165,73.9585319738,72.4349012915,73.0843176479,4407251,0.0,1.0
2025-11-17,72.57,73.0,70.29,70.63,4806069,72.5048384376,72.9344523349,70.2268856797,70.5665803892,4806069,0.0,1.0
2025-11-18,70.48,71.51,70.035,71.02,3371458,70.4167150762,71.4457902256,69.9721146476,70.956230203,3371458,0.0,1.0
2025-11-19,71.24,72.34,70.89,72.31,4219253,71.1760326621,72.2750449576,70.8263469318,72.245071895,4219253,0.0,1.0
2025-11-20,73.13,75.35,73.04,74.75,8322431,73.0643356062,75.2823422388,72.9744164183,74.6828809867,8322431,0.0,1.0
2025-11-21,74.89,77.095,73.35,76.45,8388815,74.8227552789,77.0257753802,73.2841380652,76.3813545343,8388815,0.0,1.0
2025-11-24,76.505,79.02,76.505,78.24,7118842,76.436305149,78.9490468973,76.436305149,78.1697472696,7118842,0.0,1.0
2025-11-25,78.24,81.94,78.15,79.96,5949664,78.1697472696,81.8664249907,78.0798280818,79.8882028589,5949664,0.0,1.0
2025-11-26,80.07,81.27,79.705,80.63,3091569,79.9981040884,81.1970265925,79.6334318267,80.557601257,3091569,0.0,1.0
2025-11-28,80.65,80.69,79.63,79.99,1353331,80.5775832987,80.6175473822,79.5584991702,79.9181759215,1353331,0.0,1.0
2025-12-01,79.35,80.2899,79.0,79.24,2541151,79.2787505859,80.2178066373,78.9290648555,79.1688493564,2541151,0.0,1.0
2025-12-02,79.72,80.73,79.35,80.22,2367919,79.648418358,80.6575114657,79.2787505859,80.1479694014,2367919,0.0,1.0
2025-12-03,80.21,84.11,80.1,83.59,5253942,80.1379783805,84.034476519,80.028077151,83.5149434339,5253942,0.0,1.0
2025-12-04,82.93,83.7,81.5501,82.52,3321365,82.8555360566,83.6248446634,81.476875087,82.445904201,3321365,0.0,1.0
2025-12-05,82.91,85.56,82.54,85.46,4439631,82.8355540148,85.4831745448,82.4658862427,85.3832643361,4439631,0.0,1.0
2025-12-08,85.4,85.89,82.4738,83.09,4172408,85.3233182109,85.8128782335,82.3997456846,83.0153923905,4172408,0.0,1.0
2025-12-09,83.14,83.64,82.69,83.03,2711996,83.0653474948,83.5648985382,82.6157515558,82.9554462653,2711996,0.0,1.0
2025-12-10,82.675,84.87,82.51,84.47,2562186,82.6007650245,84.7937941049,82.4359131801,84.3941532702,2562186,0.0,1.0
2025-12-11,84.47,86.19,84.135,86.05,3479021,84.3941532702,86.1126088595,84.0594540712,85.9727345673,3479021,0.0,1.0
2025-12-12,86.0,86.0,83.56,83.96,2386990,85.922779463,85.922779463,83.4849703713,83.884611206,2386990,0.0,1.0
2025-12-15,84.81,85.06,83.61,84.45,3566542,84.7338479797,84.9836235014,83.5349254756,84.3741712285,3566542,0.0,1.0
2025-12-16,84.45,84.5,81.74,82.25,3207430,84.3741712285,84.4241263328,81.6666045733,82.1761466376,3207430,0.0,1.0
2025-12-17,82.2,83.56,82.11,82.38,3100823,82.1261915332,83.4849703713,82.0362723454,82.3060299089,3100823,0.0,1.0
2025-12-18,82.81,83.48,82.24,82.52,2095266,82.7356438062,83.4050422043,82.1661556167,82.445904201,2095266,0.0,1.0
2025-12-19,82.995,83.64,82.3,82.89,6437673,82.9204776922,83.5648985382,82.2261017419,82.8155719731,6437673,0.0,1.0
2025-12-22,83.4,84.18,83.05,83.94,2237987,83.3251140374,84.1044136651,82.975428307,83.8646291642,2237987,0.0,1.0
2025-12-23,83.81,84.01,83.165,83.32,2117054,83.734745893,83.9345663103,83.090325047,83.2451858704,2117054,0.0,1.0
2025-12-24,83.43,83.835,83.1,83.39,806993,83.3550871,83.7597234451,83.0253834113,83.3151230165,806993,0.0,1.0
2025-12-26,83.55,83.985,83.27,83.61,1462553,83.4749793504,83.9095887581,83.1952307661,83.5349254756,1462553,0.0,1.0
2025-12-29,83.57,84.07,82.92,83.15,1383368,83.4949613921,83.9945124355,82.8455450357,83.0753385157,1383368,0.0,1.0
2025-12-30,83.0,83.59,82.9,83.33,1510777,82.9254732027,83.5149434339,82.825562994,83.2551768913,1510777,0.0,1.0
2025-12-31,83.07,83.17,81.94,82.02,1578157,82.9954103487,83.0953205574,81.8664249907,81.9463531576,1578157,0.0,1.0
2026-01-02,82.58,83.57,82.2,82.82,3433517,82.5058503262,83.4949613921,82.1261915332,82.745634827,3433517,0.0,1.0
2026-01-05,82.79,85.48,82.2301,85.04,2858067,82.7156617644,85.4032463779,82.156264506,84.9636414597,2858067,0.0,1.0
2026-01-06,84.8,87.235,84.48,86.73,2512945,84.7238569589,87.1566705402,84.4041442911,86.6521239863,2512945,0.0,1.0
2026-01-07,86.33,87.24,85.38,85.76,2450209,86.2524831516,87.1616660506,85.3033361692,85.6829949622,2450209,0.0,1.0
2026-01-08,85.03,89.77,84.59,88.16,4219714,84.9536504388,89.6893943302,84.5140455206,88.0808399704,4219714,0.0,1.0
2026-01-09,87.6,88.515,85.405,87.28,2991496,87.5564395823,88.4709845848,85.3625310791,87.2365987071,2991496,0.035,1.0
2026-01-12,86.57,87.12,85.34,86.9,1966074,86.5269517653,87.0766782695,85.2975634013,86.8567876678,1966074,0.0,1.0
2026-01-13,87.12,87.6,84.47,84.77,2709016,87.0766782695,87.5564395823,84.4279960219,84.7278468424,2709016,0.0,1.0
2026-01-14,84.16,85.41,83.56,85.3,3776344,84.118150174,85.3675285927,83.5184485331,85.2575832919,3776344,0.0,1.0
2026-01-15,84.21,84.28,82.43,82.51,5188649,84.1681253108,84.2380905022,82.3890104426,82.4689706614,5188649,0.0,1.0
2026-01-16,82.69,82.7,81.15,81.75,6127067,82.6488811537,82.658876181,81.1096469418,81.7093485828,6127067,0.0,1.0
2026-01-20,79.64,80.0,78.31,78.83,5453814,79.600397812,79.9602187966,78.2710591745,78.7908005967,5453814,0.0,1.0
2026-01-21,79.45,81.32,79.17,81.1,4418945,79.4104922924,81.2795624068,79.1306315266,81.0596718051,4418945,0.0,1.0
2026-01-22,81.47,83.21,81.215,81.89,5526305,81.429487817,83.1686225758,81.1746146196,81.8492789657,5526305,0.0,1.0
2026-01-23,81.26,81.81,79.58,79.77,2340872,81.2195922427,81.7693187469,79.5404276479,79.7303331676,2340872,0.0,1.0
2026-01-26,79.77,81.03,79.52,80.27,2915136,79.7303331676,80.9897066136,79.4804574838,80.2300845351,2915136,0.0,1.0
2026-01-27,80.56,80.95,79.81,80.32,1967350,80.5199403282,80.9097463948,79.770313277,80.2800596718,1967350,0.0,1.0
2026-01-28,80.0,80.23,79.13,79.26,1986004,79.9602187966,80.1901044257,79.0906514172,79.2205867727,1986004,0.0,1.0
2026-01-29,79.59,79.75,77.67,78.78,3697532,79.5504226753,79.7103431129,77.6313774242,78.74082546,3697532,0.0,1.0
2026-01-30,78.66,79.111,78.0,78.97,2724156,78.6208851318,79.0716608652,77.9612133267,78.9307309796,2724156,0.0,1.0
2026-02-02,78.45,80.23,78.3,80.11,3353172,78.4109895574,80.1901044257,78.2610641472,80.0701640975,3353172,0.0,1.0
2026-02-03,79.62,80.84,78.23,78.78,4569602,79.5804077573,80.799801094,78.1910989557,78.74082546,4569602,0.0,1.0
2026-02-04,79.71,85.54,79.065,82.63,7006511,79.6703630035,85.4974639483,79.0256837394,82.5889109896,7006511,0.0,1.0
2026-02-05,82.32,83.98,81.7901,82.31,3997747,82.2790651417,83.9382396818,81.7494286425,82.2690701144,3997747,0.0,1.0
2026-02-06,82.48,83.5,80.46,80.65,3468945,82.4389855793,83.458478369,80.4199900547,80.6098955743,3468945,0.0,1.0
2026-02-09,80.002,80.5,78.59,79.08,3171322,79.9622178021,80.4599701641,78.5509199403,79.0406762805,3171322,0.0,1.0
2026-02-10,79.41,80.5875,79.13,79.22,3867464,79.370512183,80.5474266534,79.0906514172,79.1806066634,3867464,0.0,1.0
2026-02-11,78.93,79.495,78.3,79.2,3500377,78.8907508702,79.4554699155,78.2610641472,79.1606166087,3500377,0.0,1.0
2026-02-12,79.61,79.83,76.66,78.65,3850087,79.57041273,79.7903033317,76.6218796619,78.6108901044,3850087,0.0,1.0
2026-02-13,78.65,82.09,78.478,80.34,5691981,78.6108901044,82.0491795127,78.438975634,80.3000497265,5691981,0.0,1.0
2026-02-17,80.16,82.65,80.06,81.61,3899040,80.1201392342,82.6089010443,80.0201889607,81.5694181999,3899040,0.0,1.0
2026-02-18,81.62,83.18,80.89,82.95,2263458,81.5794132273,83.1386374938,80.8497762307,82.9087518647,2263458,0.0,1.0
2026-02-19,82.54,83.08,81.69,83.01,2206815,82.4989557434,83.0386872203,81.6493784187,82.9687220288,2206815,0.0,1.0
2026-02-20,82.8,87.12,82.29,84.23,5238870,82.7588264545,87.0766782695,82.2490800597,84.1881153655,5238870,0.0,1.0
2026-02-23,83.92,84.71,82.59,83.86,2926478,83.8782695177,84.6678766783,82.5489308802,83.8182993536,2926478,0.0,1.0
2026-02-24,83.86,85.17,83.5201,84.05,2212467,83.8182993536,85.1276479364,83.4785683739,84.0082048732,2212467,0.0,1.0
2026-02-25,84.1,84.96,83.14,84.03,2177013,84.0581800099,84.917752362,83.0986573844,83.9882148185,2177013,0.0,1.0
2026-02-26,84.19,84.76,82.875,83.92,2286332,84.1481352561,84.717851815,82.8337891596,83.8782695177,2286332,0.0,1.0
2026-02-27,83.22,84.68,82.5,84.27,3093973,83.1786176032,84.6378915962,82.458975634,84.2280954749,3093973,0.0,1.0
2026-03-02,82.93,82.93,79.565,80.16,3500805,82.88876181,82.88876181,79.5254351069,80.1201392342,3500805,0.0,1.0
2026-03-03,78.29,79.19,77.29,78.13,4244310,78.2510691198,79.1506215813,77.2515663849,78.0911486822,4244310,0.0,1.0
2026-03-04,78.5,79.22,77.78,79.02,2462243,78.4609646942,79.1806066634,77.741322725,78.9807061164,2462243,0.0,1.0
2026-03-05,78.08,78.365,75.56,77.11,3941045,78.0411735455,78.326031825,75.5224266534,77.0716558926,3941045,0.0,1.0
2026-03-06,75.72,76.28,74.19,74.27,2773633,75.682347091,76.2420686226,74.1531079065,74.2330681253,2773633,0.0,1.0
2026-03-09,73.35,75.98,72.3,75.63,2906160,73.3135256091,75.9422178021,72.2640477374,75.5923918449,2906160,0.0,1.0
2026-03-10,75.14,75.5,71.72,72.73,4395501,75.1026355047,75.4624564893,71.6843361512,72.6938339135,4395501,0.0,1.0
2026-03-11,72.57,73.2,71.92,72.65,2491622,72.5339134759,73.1636001989,71.8842366982,72.6138736947,2491622,0.0,1.0
2026-03-12,71.69,72.15,69.19,70.33,4776413,71.6543510691,72.1141223272,69.1555942317,70.2950273496,4776413,0.0,1.0
2026-03-13,70.99,71.12,70.16,70.77,4497540,70.9546991546,71.0846345102,70.1251118846,70.734808553,4497540,0.0,1.0
2026-03-16,71.87,72.566,71.34,72.17,3367306,71.8342615614,72.5299154649,71.3045251119,72.1341123819,3367306,0.0,1.0
2026-03-17,72.72,73.89,72.03,72.34,3332490,72.6838388861,73.853257086,71.994181999,72.3040278468,3332490,0.0,1.0
2026-03-18,71.5,72.09,70.175,70.25,4304820,71.4644455495,72.0541521631,70.1401044257,70.2150671308,4304820,0.0,1.0
2026-03-19,69.44,71.03,69.375,70.38,4278593,69.4054699155,70.994679264,69.3405022377,70.3450024863,4278593,0.0,1.0
2026-03-20,69.87,70.56,69.0,69.65,5121574,69.8352560915,70.5249129786,68.9656887121,69.6153654898,5121574,0.0,1.0
2026-03-23,71.92,72.48,70.83,71.65,3377351,71.8842366982,72.4439582297,70.7947787171,71.6143709597,3377351,0.0,1.0
2026-03-24,70.88,71.85,70.67,70.96,6138003,70.8447538538,71.8142715067,70.6348582795,70.9247140726,6138003,0.0,1.0
2026-03-25,72.13,73.085,71.83,72.2,3563333,72.0941322725,73.0486573844,71.794281452,72.1640974639,3563333,0.0,1.0
2026-03-26,71.76,73.505,71.36,71.54,4860877,71.7243162606,73.4684485331,71.3245151666,71.5044256589,4860877,0.0,1.0
2026-03-27,71.08,71.25,69.15,69.23,3526004,71.0446544008,71.2145698657,69.1156141223,69.1955743411,3526004,0.0,1.0
2026-03-30,69.995,70.46,68.44,68.77,3777102,69.9601939334,70.4249627051,68.4059671805,68.735803083,3777102,0.0,1.0
2026-03-31,69.9,71.385,68.72,71.18,3496608,69.8652411735,71.349502735,68.6858279463,71.1446046743,3496608,0.0,1.0
2026-04-01,71.02,72.14,71.02,71.98,3351178,70.9846842367,72.1041272999,70.9846842367,71.9442068623,3351178,0.0,1.0
2026-04-02,70.39,72.29,69.8,70.35,2751115,70.39,72.29,69.8,70.35,2751115,0.035,1.0
2026-04-06,70.35,70.87,69.845,70.4,2326950,70.35,70.87,69.845,70.4,2326950,0.0,1.0
2026-04-07,70.4,70.81,68.95,69.73,3213251,70.4,70.81,68.95,69.73,3213251,0.0,1.0
2026-04-08,72.82,74.13,72.0,73.75,4579874,72.82,74.13,72.0,73.75,4579874,0.0,1.0
2026-04-09,72.735,73.21,71.275,72.91,3580445,72.735,73.21,71.275,72.91,3580445,0.0,1.0
2026-04-10,73.42,73.69,72.59,73.18,2691894,73.42,73.69,72.59,73.18,2691894,0.0,1.0
